id,name,type,kosher,city,address
80345520,סאן רמו - מטבח איטלקי - SanRemo,מסעדה איטלקית,False,חיפה,שער פלמר 1
73331490,בי פי מפרץ חיפה - BP Kosher Bistro,מסעדת בשרים,True,חיפה,שד' ההסתדרות 157
80318975,בי פי מרכז חורב - BP Kosher Bistro,ביסטרו,True,חיפה,חורב 15
80353394,onyx חיפה - onyx חיפה,מסעדת קונספט,False,חיפה,דרך העצמאות 104
80151356,"רפאלו, קניון קסטרא, חיפה - Raffaello",מסעדה איטלקית,False,חיפה,פלימן משה 8
80338497,קולוני גריל-מסעדת קצבים,מסעדת בשרים,False,חיפה,דרך אלנבי 56
63757600,בית הסטייק,מסעדת בשרים,True,חיפה,התעשיה 17
80332235,יאן-יאן - yan-yan,מסעדה סינית,False,חיפה,דרך יפו 26
80048717,ג'ירף חיפה,מסעדה אסייאתית,False,חיפה,שד' הנשיא 131
1260520,טאיפיי – חיפה,מסעדה אסייאתית,False,חיפה,יפה נוף 108
80330935,דוזאן,מסעדה ים תיכונית,False,חיפה,שד' בן גוריון 35
80195652,קפה לנדוור מרכז הכרמל חיפה - landwer cafe,בתי קפה,False,חיפה,שד' הנשיא 134
80358341,אקליפס,פאבים וברים,False,חיפה,קדושי בגדד 30
80323670,פרנג'ליקו - Frangelico,מסעדה אסייאתית,False,חיפה,שד' בן גוריון 22
37403620,סטקיית הבוקרים - STEAK HOUSE,מסעדת בשרים,False,חיפה,קדושי יאסי 1
80346553,באסל בורגר BASEL BURGER,מסעדת המבורגרים,False,חיפה,חיפה
80191006,מצה,מסעדה מזרחית,False,חיפה,חיפה
80350980,ראסיף 33 - RASEEF 33,ביסטרו,False,חיפה,דרך העצמאות 33
80360711,פיתה מונטנה קרית ים,מסעדת בשרים,True,חיפה,אירוס 1
80247785,לנדוור גראנד,בתי קפה,False,חיפה,דרך שמחה גולן 54
80364280,מוריה אוכל שעושה טוב - MORIAH,מסעדה טבעונית,False,חיפה,שד' מוריה 105
80304144,חאלד עדוי,מסעדה מזרחית,False,חיפה,רב אלוף דורי יעקב 20
80321053,Ewar,מסעדת בשרים,False,חיפה,דוד אלעזר 10
80362908,מסעדת TOWER מסעדת בשרים,מסעדת בשרים,True,חיפה,חיפה
80322529,איזבלה,מסעדה איטלקית,False,חיפה,מחניים 8
80270112,wok street,מסעדה אסייאתית,True,חיפה,שד' הנשיא 129
80339217,פטוש,מסעדה ים תיכונית,False,חיפה,שד' בן גוריון 38
80129241,מסעדת שטרודל - Shtroudl,מסעדה ים תיכונית,False,חיפה,שד' בן גוריון 39
80237032,הקונדיטוריה של גל - Gal's BaKery,בתי קפה,True,חיפה,שד' הנשיא 131
80270330,ביגה - BIGA,בתי קפה,True,חיפה,חיפה
80352990,רק בשר,מסעדת בשרים,False,חיפה,שד' בן גוריון 59
80339230,מסעדת שהרזאד 37,בתי קפה,False,חיפה,שד' בן גוריון 37
80154299,בולס - BULLS,מסעדת בשרים,False,חיפה,"אח""י אילת 60"
80212151,צאנג' בה,מסעדה תאילנדית,False,חיפה,הנמל 23
80355235,רפאלו ביג קריות - Raffaello,מסעדה איטלקית,False,חיפה,חיפה
80338828,נג'מה - najma,מסעדה צרפתית,False,חיפה,העליה השניה 96
80054355,קפה גרג חוצות המפרץ,בתי קפה,False,חיפה,החרושת 8
80279936,מאמא מיה,מסעדה איטלקית,False,חיפה,שד' ההסתדרות 279
69518590,שאלתי אלי,מסעדת בשרים,True,חיפה,יוחאי בן נון 6
80033676,גולדן קורל - Golden Coral,מסעדה ים תיכונית,False,חיפה,דרך סטלה מריס 130
80352870,בית הפנקייק המקורי חיפה,בתי קפה,True,חיפה,"אח""י אילת 60"
80291575,לוקס - LUX,מסעדה ים תיכונית,False,חיפה,הנמל 13
80186066,ביגה חיפה - BiGA,בתי קפה,True,חיפה,"אח""י אילת 15"
80324935,אווזי חיפה,מסעדת בשרים,False,חיפה,החרושת 26
7162330,"מסעדה רומנית-קפה גלידה ""יונק""",מסעדה רומנית,False,חיפה,קיבוץ גלויות 23
80187651,חומוס ברדיצ'ב,חומוסייה,True,חיפה,וודג'ווד 1
80362397,טיסטי קורנר - tasty corner,מסעדת קונספט,False,חיפה,חיפה
80339019,פטוש,,False,חיפה,הנמל 6
80357244,איטליאנו דלי קפה,מסעדה איטלקית,False,חיפה,שדרות הנשיא טרומן 109
80188347,שרימפס האוס - Shrimps House,מסעדת דגים,False,חיפה,שד' ההגנה 105
80319849,אום כולתום,מסעדה טבעונית,False,חיפה,שד' מוריה 60
80142692,בורגר סאלון חיפה - Burger Saloon,מסעדת המבורגרים,False,חיפה,"דרך פיק""א 69"
80355431,del mar,מסעדת דגים,False,חיפה,יפה נוף 99
80328555,מסביב להימור,בתי קפה,False,חיפה,חיפה
80101455,הקובה של מומו - momo,אוכל רחוב,True,חיפה,פלימן משה 8
80347851,piano piano,מסעדה איטלקית,False,חיפה,חיפה
80056361,טמפל בר - Temple bar,פאבים וברים,False,חיפה,שד' ההסתדרות 55
7037510,מזנון רות,מטבח ביתי,True,חיפה,שד' המגינים 100
80316071,SUSHI HOUSE - SUSHI HOUSE,מסעדה אסייאתית,False,חיפה,כיאט 1
37772650,ראני,מסעדה מזרחית,False,חיפה,שרה 3
80347004,בפלה,,False,חיפה,"י""ל פרץ 31"
80160038,הפרלמנט,קייטרינג,True,חיפה,חלוצי התעשייה 47
80359206,הירושלמי,,False,חיפה,דרך הים 3
80329140,wok'in time,,False,חיפה,חורב 18
80302346,הבאגט הלוהט,סנדוויץ' בר,False,חיפה,ארלוזורוב 73
80289450,simsima סימסימה,מסעדה ים תיכונית,False,חיפה,נתנזון 19
80349245,זית זיתון,מסעדה מזרחית,False,חיפה,סירקין 33
80329243,סביח התחתית,,False,חיפה,הנמל 27
80315586,בראון - Brown,פאבים וברים,False,חיפה,שד' מוריה 131
80340688,ביבו בר,,False,חיפה,דרך יפו 57
80305663,שיפודי סימי,מסעדת בשרים,True,חיפה,שד' ההסתדרות 84
73230250,טעמים,מסעדת בשרים,False,חיפה,אליעזר בונה 17
80263296,קראנץ' ביף,אוכל רחוב,True,חיפה,נתנזון 18
7099980,ליאון את יוז'י,מסעדה רומנית,False,חיפה,הנביאים 31
80277085,שיפודי אודי,מסעדת בשרים,True,חיפה,שד' ההסתדרות 247
80267518,מנצ'ס חיפה - MENCHES,מסעדת בשרים,False,חיפה,שד' בן גוריון 6
80315034,הסלטייה חיפה,בר סלט,False,חיפה,נתנזון 22
63534030,ממתקי עבד אלהאדי,קונדיטוריה ומאפיות,False,חיפה,שחאדה שלח 3
80360117,טקסי בורגר,,False,חיפה,העליה השניה 96
80328787,sezom erotsgurd,בתי קפה,False,חיפה,חיפה
80347642,ג'יפרה אקספרס,,False,חיפה,דרך העצמאות 74
80358720,EL PALADAR,שף,False,חיפה,חיפה
80124125,צפרירים 1,פאבים וברים,False,חיפה,צפרירים 1
80252228,מאפיית המוציא לחם מן הארץ,קונדיטוריה ומאפיות,True,חיפה,שער פלמר 1
80106842,מנדרין,בתי קפה,False,חיפה,צפרירים 1
80330375,מיסטר פאי חיפה,מסעדה צמחונית,False,חיפה,שד' הנשיא 119
80322360,מעדני יעקב,קייטרינג,False,חיפה,יהודה איתין 5
65733070,אלפנט,פאבים וברים,False,חיפה,האיצטדיון 4
80348158,במבו מרקט צ'ק פוסט,,False,חיפה,האשלג 3
80288083,ביירן מרקט,אוכל רחוב,False,חיפה,שד' ההסתדרות 55
80304613,קפה היינה -רגע בגן,בתי קפה,False,חיפה,הנריך הרץ 3
80343082,יפו 100,,False,חיפה,דרך יפו 100
80185209,ליילא,בתי קפה,False,חיפה,שרה 2
80296555,פיצריה,פיצריות,True,חיפה,"אח""י אילת 9"
80356144,אוזבצ'ה,,False,חיפה,הרצל 39
80334308,Burger Chips,,False,חיפה,חיפה
80323864,פיצה סטורי,פיצריות,False,חיפה,שד' המגינים 3
80360829,יודי בר אוכל,,False,חיפה,סירקין 30
80127588,חומוס אבו גוש,חומוסייה,False,חיפה,שד' ההסתדרות 55
80345030,טלי בישולים,מטבח ביתי,False,חיפה,חיפה
80297312,דולסה,קונדיטוריה ומאפיות,True,חיפה,דרך הים 6
80243627,חומוס הנמל אבו רמי,חומוסייה,False,חיפה,הנמל 30
80297797,זסטי כרמל - Zesty,מסעדת המבורגרים,True,חיפה,שד' הנשיא 129
80101829,פאב-פיל או סוף,פאבים וברים,False,חיפה,חלוצי התעשייה 114
80334780,צ'יפס דאם,,False,חיפה,דרך אלנבי 33
80209881,קולג' בר,פאבים וברים,False,חיפה,חלוצי התעשייה 79
80274811,רולדין - ROLADIN,קונדיטוריה ומאפיות,True,חיפה,העליה השניה 8
7284100,אבו יוסף ובניו,מסעדה מזרחית,False,חיפה,ככר פריס 1
80233401,עיזה בר - iza bar,פאבים וברים,False,חיפה,משה אהרון 1
80328219,Faces,בתי קפה,False,חיפה,שד' בן גוריון 37
80217956,דודו אוטמזגין,קונדיטוריה ומאפיות,False,חיפה,שד' ההסתדרות 271
80323426,לג'נדה,גלידריות,False,חיפה,שד' טרומפלדור 53
80333082,דולמה Dolma,מטבח ביתי,False,חיפה,עבאס 35
80328744,LA PATRON,פאבים וברים,False,חיפה,נתנזון 7
80342583,המעדניה,,False,חיפה,חיפה
80182889,אצל אפי,מסעדה מזרחית,False,חיפה,שד' אבא חושי 199
80282962,מימינו,מסעדה גרוזינית,False,חיפה,המשטרה 5
80259484,רובּין פוּד - Robin Food,מסעדה טבעונית,True,חיפה,סירקין 24
80350592,בורקס הבולגרי- לב המפרץ,,False,חיפה,חיפה
7044450,אלנבי,מסעדה מזרחית,False,חיפה,דרך אלנבי 43
80347245,בורגר בן גוריון,,False,חיפה,פבזנר 29
80332131,גילטו מונדו,גלידריות,False,חיפה,דרך יפו 19
80262682,טעים לכולם,קייטרינג,False,חיפה,חלוצי התעשייה 19
67961630,שוארמה אמיל,אוכל רחוב,False,חיפה,דרך אלנבי 33
80234825,הבאר,פאבים וברים,False,חיפה,הדגן 8
80352549,היידה,,False,חיפה,ככר מאירהוף 6
5806210,אבו יוסף,מסעדה מזרחית,False,חיפה,זיסו 29
80269539,קפה קפה - cafe cafe,בתי קפה,False,חיפה,שד' ההסתדרות 55
80328954,ערוסה בעיר - arusa haifa,,False,חיפה,דרך העצמאות 94
80163394,שוואטינא,מסעדה ים תיכונית,False,חיפה,העליה השניה 96
80352285,קרפ האוס,גלידריות,False,חיפה,הנביאים 7
80327476,בית התבשיל חיפה,מטבח ביתי,False,חיפה,חיפה
40720960,סקאי פיצה,פיצריות,False,חיפה,ח'ורי 15
80323507,כנאפה שפירא,,False,חיפה,שדרות הנשיא טרומן 121
80330472,קניב ר,מסעדת בשרים,False,חיפה,חיפה
17104900,פלאפל מישל חיפה,אוכל רחוב,False,חיפה,ואדי 21
80358880,סאש בורגר,,False,חיפה,נתנזון 9
60194000,אבו זיד,מסעדה ים תיכונית,False,חיפה,העליה השניה 52
80352276,גוטה יוגורט,גלידריות,False,חיפה,"אח""י אילת 15"
80300601,MY COFFEE - MY COFFEE,בתי קפה,False,חיפה,אנטוורפן 56
80268661,חומוסמוס,חומוסייה,True,חיפה,אנדרי סחרוב 9
80286405,אקספרסו בר קפה,בתי קפה,True,חיפה,חיפה
80357607,בורגר סטיישן,,False,חיפה,נתנזון 9
37397940,סנדוויץ' בר כרמל,סנדוויץ' בר,False,חיפה,שד' הנשיא 128
80269325,מילהאוס קפה,בתי קפה,False,חיפה,חיפה
80175721,מסעדת כוכב המזרח,מסעדת בשרים,True,חיפה,חלוצי התעשייה 100
80321036,שולה,,False,חיפה,שער פלמר 2
63317140,מקדונלד'ס,מסעדת המבורגרים,False,חיפה,פלימן משה 4
80332026,NUNA,בתי קפה,False,חיפה,שד' מוריה 105
6997690,מסעדג,מסעדת דגים,False,חיפה,רציף פנחס מרגולין 29
80136169,טו פיצה - Tu Pizza,פיצריות,True,חיפה,גוט לוין 2
80321920,SATTOURGRILLBAR,,False,חיפה,הנמל 15
80286906,פיצה דאלי,פיצריות,False,חיפה,שד' המגינים 53
80346082,Fast food - lewaa shakour,פיצריות,False,חיפה,חיפה
80363035,דונטלה פיצת שף,פיצריות,True,חיפה,נתנזון 14
80365752,בורקס פינוקים חיפה,,False,חיפה,חיפה
80299978,ריף קפה חיפה,בתי קפה,True,חיפה,שד' ההגנה 32
80067338,סליק - sleek,פאבים וברים,False,חיפה,שד' הנשיא 124
80285077,פביאנו,קייטרינג,False,חיפה,שד' אבא חושי 199
80348956,הנמל 30,,False,חיפה,הנמל 30
80229418,יאמי שווארמה,אוכל רחוב,True,חיפה,דרך יפו 196
80347664,קפה פלמר,בתי קפה,False,חיפה,שער פלמר 1
80342625,סיקרט בר,,False,חיפה,חיפה
15629330,מסעדת טוביה,מסעדה מזרחית,False,חיפה,מרדכי מקלף 22
80360297,רולדין,בתי קפה,False,חיפה,העליה השניה
80300027,פאב אמבסדור,פאבים וברים,False,חיפה,יונה 4
75130620,לי-גיא גורמה,,False,חיפה,סטפן וויז 1
80279395,Donutella,גלידריות,False,חיפה,שד' הנשיא 126
80335166,כנאפה בת גלים,,False,חיפה,העליה השניה 42
80350194,cafe lorees,בתי קפה,False,חיפה,חיפה
80329610,מרפיס - Murphys,פאבים וברים,False,חיפה,שד' ההסתדרות 55
80364980,YAM YAM sushi bar,,False,חיפה,חיפה
80324039,פו 26 חיפה,,False,חיפה,סירקין 26
80207793,שיש קבאב שיפודי העיר הכשרה,מסעדה מזרחית,False,חיפה,שד' המגינים 28
80251502,אייססלון - Eissalon,גלידריות,False,חיפה,אוסקר שינדלר 7
80336194,מרקובה,מטבח ביתי,False,חיפה,חיפה
80360299,כל טוב,קייטרינג,False,חיפה,חיפה
80336173,פלאפל כיכר פריז,,False,חיפה,נתנזון 18
80217432,טורטוגה,מסעדת בשרים,False,חיפה,דוד אלעזר 10
80332915,בוקר טוב בורקס,,False,חיפה,דרך יפו 28
80358286,בוקר,בתי קפה,False,חיפה,דוברין נחום
80296295,אושי אושי,מסעדה אסייאתית,True,חיפה,פלימן משה 4
80256243,ורד ברוקמן - קייטרינג מוסקט,קייטרינג,False,חיפה,חיפה
80233188,butterfly cafe - butterfly cafe,בתי קפה,False,חיפה,הנמל 25
80349186,fryday,,False,חיפה,הנמל
80320096,גלית אביטן קינוחים,קייטרינג,False,חיפה,חיפה
80272510,The Baguette,אוכל רחוב,False,חיפה,שד' הציונות 30
80242706,cofix,בתי קפה,True,חיפה,פלימן משה 4
80217375,אבו מרון,חומוסייה,False,חיפה,דרך יוליוס סימון 42
80233109,וספר קוקטייל בר - Vesper,פאבים וברים,False,חיפה,דוברין נחום 9
80322103,רול קפה,,False,חיפה,שד' טרומפלדור 1
80359614,MR.BUN BURGER,,False,חיפה,נתיב האור 1
80254774,בי בי בי - BBB קריית חיים - BBB,מסעדת המבורגרים,False,חיפה,"אח""י אילת 12"
80351383,בורגר סאלון,מסעדת המבורגרים,False,חיפה,פנחס ואברהם רוטנברג 2
80340389,mimino,,False,חיפה,דרך יפו 110
80328598,reva,פאבים וברים,False,חיפה,דרך העצמאות 70
80265259,enkidu - Enkidu,פאבים וברים,False,חיפה,נתנזון 14
80328097,בסרביה,בתי קפה,False,חיפה,חיפה
80324252,פלאפל אוריון חיפה,חומוסייה,False,חיפה,הרצליה 14
80341895,אוליביה,,False,חיפה,בעלי מלאכה 26
80071902,רולדין - ROLADIN,קונדיטוריה ומאפיות,True,חיפה,חורב 18
66256690,קפה גרג,בתי קפה,False,חיפה,דרך שמחה גולן 54
80307140,מסעדת משאוושה,חומוסייה,False,חיפה,שד' ההסתדרות 251
80114332,סנטה מריה,בתי קפה,False,חיפה,דרך סטלה מריס 101
80204530,דוברין 7,פאבים וברים,False,חיפה,דוברין 7
80341604,Smokin,,False,חיפה,קהילת סלוניקי 6
80348987,סנדוויץ בר הנמל 30,,False,חיפה,חיפה
80349801,אצל בר וגרי,מסעדה דרום אמריקאית,False,חיפה,סירקין 22
80156549,אצל מושיקו - מאז 1954,מסעדה מזרחית,True,חיפה,דוברין נחום 3
80295111,קליל- טעים טרי בריא,בר סלט,True,חיפה,בעלי מלאכה 26
80182108,קפה גרג,בתי קפה,False,חיפה,חורב 15
80330637,מר קורן-גרנד קניון חיפה- Mr.Corn,,False,חיפה,דרך שמחה גולן 54
80353776,שווארמה האצטדיון,,False,חיפה,האיצטדיון 4
80335617,השווארמה של גדי,,False,חיפה,"אח""י אילת 11"
80273247,ניו דלי - New Deli,סנדוויץ' בר,True,חיפה,פלימן משה 4
80332239,בנדיקט,,False,חיפה,שד' ההסתדרות
24767450,אל גאוצ'ו,מסעדת בשרים,False,חיפה,יפה נוף 120
63317630,מקדונלד'ס,מסעדת המבורגרים,False,חיפה,דרך שמחה גולן 54
80228720,Cofizz - Cofizz,אוכל רחוב,True,חיפה,שד' הנשיא 133
80328475,גלטו,בתי קפה,False,חיפה,מוהליבר 14
80266330,ביג מון - big moon,מסעדת המבורגרים,False,חיפה,דרך הים 6
80319297,חומוס ברדיצ'ב,חומוסייה,True,חיפה,שד' טרומפלדור 53
80328543,מלנישס,קונדיטוריה ומאפיות,False,חיפה,הקיבוצים 58
80338467,סטקיית אימפריית הבשר,,False,חיפה,דגניה 30
6759260,טוק-טוקי,בתי קפה,False,חיפה,חורב 18
80302038,לחמניותי,קונדיטוריה ומאפיות,False,חיפה,דרך יפו 27
80287069,אידאן סנאק בר - Aidan Snack Bar,,False,חיפה,דרך הים 6
80356858,beer line smoke,,False,חיפה,"אח""י אילת 21"
80244434,קפה גרג,בתי קפה,True,חיפה,דרך בר יהודה 111
80342965,מסעדת סמיראמיס לב הגליל,,False,חיפה,שד' ההגנה 20
80120547,ג'וני קבב,מסעדת בשרים,False,חיפה,הבנקים 12
80321062,bulls burger truck,,False,חיפה,נחום חת 2
80072264,מדרחוף,בתי קפה,False,חיפה,חיפה
80254520,המסעדה של אמא,מסעדה אתיופית,False,חיפה,הנביאים 20
80261842,Wine Bar By Andre Suidan,פאבים וברים,False,חיפה,שד' הנשיא 98
80311758,לנצ'ס,פאבים וברים,False,חיפה,הנמל 32
25092710,לחם תושיה,קונדיטוריה ומאפיות,False,חיפה,שד' הנשיא 124
80269181,חומוס פלאפל נ נח,חומוסייה,True,חיפה,הגליל 100
80216829,פיצה טו גו פרפקטו י,פיצריות,False,חיפה,הרצל 80
80287033,טסטי - TASTY,פיצריות,True,חיפה,דרך יפו 141
80034680,טעם החיים- קייטרינג,,False,חיפה,הלל 27
80016486,בורגראנץ' חוף הכרמל חיפה,מסעדת המבורגרים,True,חיפה,חיפה
80250012,גאורגיה,מסעדה גרוזינית,False,חיפה,יפה נוף 99
25599950,מאפיית המפגש,קונדיטוריה ומאפיות,True,חיפה,שד' ההסתדרות 82
80257836,קייטרינג טופז,קייטרינג,True,חיפה,תובל 11
80311764,קרונפול,מטבח ביתי,False,חיפה,שד' המגינים 68
80122869,דומינו'ס פיצה,פיצריות,False,חיפה,שלום עליכם 1
80333685,שיפודי סביח מנווה דוד,,False,חיפה,דרך בר יהודה 15
80254985,Oak Burgers - Oak Burgers,מסעדת בשרים,False,חיפה,שד' בן גוריון 29
80002240,ארומה - אספרסו בר,בתי קפה,False,חיפה,פלימן משה 4
7228920,אחים לוסקי,מסעדה מזרחית,True,חיפה,דרך העצמאות 31
80332841,DUDA meat box,מסעדת בשרים,False,חיפה,הדגן 23
80186847,בורקס בכר העגלה,קונדיטוריה ומאפיות,True,חיפה,פלימן משה 4
80145418,אחים מוגרבי,אוכל רחוב,False,חיפה,דרך יפו 140
80304962,beatrice burger,מסעדת בשרים,False,חיפה,נתנזון 11
17461970,קפה דנדי,בתי קפה,False,חיפה,שד' ההסתדרות 8
80357485,טקסי פיצה,פיצריות,True,חיפה,התיכון 37
80298447,A&M BURGERS,מסעדת בשרים,False,חיפה,הנביאים 35
80334060,Al Yakour House,,False,חיפה,חיפה
80288241,בליקר בייקרי - Bleecker Bakery,בתי קפה,True,חיפה,התשבי 130
80264126,כחול לבן אירועים,קייטרינג,True,חיפה,שד' הנשיא 124
80249056,סוד הפיצה,פיצריות,True,חיפה,חניתה 40
80215031,פיצה לינגה - Linga pizza,פיצריות,False,חיפה,דרך יפו 40
80333199,jamila ג'מילה,,False,חיפה,חיפה
80292401,חומוס דובנוב 26 - חומוס ברמז,חומוסייה,True,חיפה,דובנוב 26
80340646,חביתנה,,False,חיפה,דרך העצמאות 39
61552380,מנדרין,בתי קפה,False,חיפה,דרך שמחה גולן 54
80345462,זוס,,False,חיפה,שד' הנשיא 134
80346053,פיתו'ש- חוויה קולנרית לא בצלחת,,False,חיפה,שד' ההסתדרות 157
80016119,מאפית דגן עודי,קונדיטוריה ומאפיות,False,חיפה,מאיר הזורע 1
80314242,שווארמה אלחלאל,מסעדת בשרים,False,חיפה,האשלג 3
80331879,PIZZA BIG,פיצריות,False,חיפה,שד' ההסתדרות 248
80111081,ארומה - אספרסו בר,בתי קפה,False,חיפה,שד' ההסתדרות 55
80293382,מזנון תמר,סנדוויץ' בר,False,חיפה,הנביאים 7
80294662,המקסיקנית,מסעדה מקסיקנית,True,חיפה,"אח""י אילת 59"
80339845,"צ'יצ'ו בר אוכל מרוקאי,נווה שאנן",מסעדה מרוקאית,True,חיפה,שד' טרומפלדור 56
80280542,לוקה - LUCCA,גלידריות,False,חיפה,מסדה 1
80365203,JENOS,,False,חיפה,חיפה
80335542,האמפנדס של קרינה,מטבח ביתי,False,חיפה,חיפה
80352831,אסתריקה,קונדיטוריה ומאפיות,False,חיפה,חיפה
80328571,Gelato mondo,גלידריות,False,חיפה,דרך יפו 19
38235310,שווארמה חאזן פורד,מסעדת בשרים,False,חיפה,פלימן משה 4
80259313,אגס הזהב,קייטרינג,True,חיפה,שלמה בן יוסף 4
80242701,cofix,בתי קפה,True,חיפה,חיפה
80218161,פיצה האט,פיצריות,False,חיפה,שד' מוריה 13
80346313,הבאניה Suchi's_way,,False,חיפה,אילת 10
80320602,שווארמה אוכל ביתי,מטבח ביתי,False,חיפה,הנביאים 3
61621270,לה פצ'ינה,פיצריות,False,חיפה,הגליל 100
80085292,קפה אליקה,בתי קפה,False,חיפה,מסדה 24
80320880,FRESH THE MARKET,,False,חיפה,שד' ההסתדרות 248
80338442,PIZZAMEAT,פיצריות,False,חיפה,חיפה
80216997,מאיר'S פתיליות,מטבח ביתי,True,חיפה,"שד' הפלי""ם 7"
14367650,שווארמה במבינו,מסעדה מזרחית,False,חיפה,דרך יפו 137
80114626,בשרלה,מסעדת בשרים,False,חיפה,"אח""י אילת 61"
80332351,לה גופרה,גלידריות,False,חיפה,שד' בן גוריון 25
80310922,שווארמה הנמל,מסעדת בשרים,False,חיפה,דרך יפו 19
80323040,בר סלטים,,False,חיפה,חיפה
80342077,מסעדת ארמני,,False,חיפה,שד' המגינים 3
80337014,קניבר קריות - חוצות המפרץ - Kanibar,מסעדת בשרים,False,חיפה,הקיטור 21
80329799,קיבוץ גלויות קפה גלריה,בתי קפה,False,חיפה,קיבוץ גלויות 91
80308835,ג'יו קוסו - GIOCOSO,מסעדה איטלקית,False,חיפה,הנמל 21
80319175,"לחם עיניים בע""מ",קונדיטוריה ומאפיות,False,חיפה,סירקין 21
80308954,סאנסט בר,פאבים וברים,False,חיפה,חלוצי התעשייה 79
80101851,שוקו לאטה,בתי קפה,False,חיפה,דרך העצמאות 80
80291794,בורגר האחים,,False,חיפה,ואדי 16
80183848,שווארמה סבאח,אוכל רחוב,False,חיפה,דרך אלנבי 37
80345390,Good Bagutteג'וד בגט,,False,חיפה,עודה נדה 1
80329994,bet33,פאבים וברים,False,חיפה,שד' מוריה 33
80324017,Gelato Mondo,גלידריות,False,חיפה,דרך יפו 19
80222342,פסטה בסטה,מסעדה איטלקית,False,חיפה,שד' מוריה 12
80185734,מפגש הפלאפל אחי,אוכל רחוב,True,חיפה,העליה השניה 20
71695430,מקדונלד'ס,מסעדת המבורגרים,False,חיפה,הרצל 20
80306925,מסעדת פורמנס,אוכל רחוב,False,חיפה,יהודה איתין 5
80325105,פייצוציית צאנס,בתי קפה,False,חיפה,חיפה
80360695,Veg'as super fast food,,False,חיפה,חיפה
80320694,הבולגרי,,False,חיפה,דרך יפו 44
80333202,פיצה פלוס,פיצריות,False,חיפה,משה חיים שפירא 12
80263678,הבית המתוק,קונדיטוריה ומאפיות,False,חיפה,נחמיה 17
80043532,סינטה בר אקספרס,מסעדת בשרים,False,חיפה,אלברט איינשטיין 139
80364579,פיצה FIX,פיצריות,False,חיפה,חיפה
80333115,בייקרס פיצה,פיצריות,False,חיפה,"אח""י אילת 19"
80313681,El viejo,מסעדה דרום אמריקאית,False,חיפה,נתנזון 16
80276870,קינגדום - KINGDOM,מסעדת קונספט,False,חיפה,שד' בן גוריון 37
80017150,שניצל פלפלת,שניצליה,False,חיפה,דרך שמחה גולן 54
80346671,Bakery & more,קונדיטוריה ומאפיות,False,חיפה,נתנזון
80337123,קראנץ' פיצה,פיצריות,False,חיפה,דרך צרפת 63
3763500,דולפין,מסעדת דגים,False,חיפה,שד' בת גלים 13
80291657,פטריק'ס - PATRICK'S,פאבים וברים,False,חיפה,שד' ההסתדרות 248
80332644,גאדה,מטבח ביתי,False,חיפה,חיפה
80340933,קריסטל,,False,חיפה,חיפה
80312677,נגיסה סושי בר - NAGISA הפתיחה בקרוב,מסעדה אסייאתית,False,חיפה,הגליל 100
80295718,Areeka - Areeka,מסעדה איטלקית,False,חיפה,שער פלמר 3
80336995,משהו מתבשל אצל אורן,מטבח ביתי,False,חיפה,חיפה
80324768,פלאפל בר גיורא,חומוסייה,False,חיפה,גיורא יוספטל 2
80324785,זוהרית אוכל ביתי,מטבח ביתי,False,חיפה,חיפה
80264597,פייבל בר,פאבים וברים,False,חיפה,מחניים 4
80304213,מזנון הפינה,מטבח ביתי,False,חיפה,דרך העצמאות 102
73216490,דיוק,מסעדת בשרים,False,חיפה,שד' מוריה 107
77380730,חומוס זיו של דני חיפה,חומוסייה,True,חיפה,שד' טרומפלדור 54
80320451,הבוריקה של רותי,,False,חיפה,"אח""י אילת 11"
80181263,סושי דניה,מסעדה יפנית,False,חיפה,ליבריה 2
80222523,פיטרס פאב - Peter's Pub,פאבים וברים,False,חיפה,הבנקים 10
7128280,סטאר - star,מסעדה מזרחית,False,חיפה,שד' המגינים 19
80328249,הבנרה,בתי קפה,False,חיפה,דרך העצמאות 88
80249134,קנטינה סושיאל - cantina sociale,פאבים וברים,False,חיפה,מחניים 4
80063168,פיתה בעיר,קונדיטוריה ומאפיות,False,חיפה,כטיב 4
80354972,לחם ארז,בתי קפה,False,חיפה,יוחאי בן נון
80284832,ווק טאון,מסעדה אסייאתית,True,חיפה,"שד' הפלי""ם 19"
80081172,נולה סוקס Nola Socks חיפה - Nola Socks,פאבים וברים,False,חיפה,שלום עליכם 4
80322393,ההמבורגר של הדיקטטור חיפה,,False,חיפה,"אח""י אילת 19"
80218454,קפה קפה - cafe cafe,בתי קפה,False,חיפה,חיפה
80290735,פיתה אקספרס,חומוסייה,True,חיפה,האיצטדיון 4
80347822,MORE PIZZA,פיצריות,False,חיפה,חיפה
80324903,משאוושה Mashawasha,חומוסייה,False,חיפה,העליה השניה 14
80357339,מיי פיש מרקט,מסעדת דגים,False,חיפה,ח'ורי 2
80309322,עוגות רדה,קונדיטוריה ומאפיות,False,חיפה,חיפה
80310079,פיצה האט,פיצריות,True,חיפה,שד' הנשיא
80354524,בר ים,,False,חיפה,הנמל 21
80327142,כריכי ויקטור,,False,חיפה,השרון 12
80236484,ביגה - BiGA,בתי קפה,True,חיפה,פלימן משה 4
80350854,הדיקטטור בורגר,,False,חיפה,שד' מוריה 105
80264028,ברדיצ'ב מאכלי עדות,מטבח ביתי,True,חיפה,שיבת ציון 34
80354944,UNCLE SAM,,False,חיפה,"אח""י אילת 69"
80324015,LOOCO אוכל מקסיקני משוגע חיפה,,False,חיפה,דרך שמחה גולן 54
80350432,במבינו,חומוסייה,False,חיפה,הבנקים 2
80263325,חומוסאחבק,חומוסייה,True,חיפה,חלוצי התעשייה 2
80321695,חומוס פרידה חיפה,,False,חיפה,אנדרי סחרוב 9
80208642,קפה מנחם,בתי קפה,False,חיפה,סורוקה משה 35
80304971,WASABI SUSHI,מסעדה אסייאתית,False,חיפה,נורדאו 5
80235111,פרנג'ליקו - Frangelico,מסעדה אסייאתית,False,חיפה,שד' ההסתדרות 55
80301964,מנהטן דיינר אמריקאי חיפה,מסעדת המבורגרים,False,חיפה,קדושי בגדד 34
80304728,טאבון וגריל התקווה,מסעדה מזרחית,False,חיפה,דרך יפו 139
80299723,Captain Burger,מסעדת בשרים,False,חיפה,שד' רוטשילד 53
80348484,גולדה קניון עזריאלי חיפה,גלידריות,False,חיפה,פלימן משה 4
80343605,השניצליה - חיפה,,False,חיפה,נתנזון 11
80355624,גנאם גריל,,False,חיפה,חיפה
80304609,הבולגרי מיפו,מסעדה בולגרית,True,חיפה,שד' ההסתדרות 248
80304535,חומוס BAR,מסעדה טבעונית,False,חיפה,נתנזון 22
80329072,ורושקה - אוכל ביתי,מטבח ביתי,False,חיפה,חיפה
80355158,נוק אאוט סמאש שופ - Knockout Smashop,מסעדת המבורגרים,False,חיפה,חיפה
80331894,taste mexico טסט מקסיקו,,False,חיפה,שד' ההסתדרות 55
80313743,איטליאנו פיצה מרקט,פיצריות,False,חיפה,דרך העצמאות 80
80206542,פיצה יפו,פיצריות,False,חיפה,דרך יפו 141
80262849,TRIOקונספט - Trio,בתי קפה,False,חיפה,שד' אבא חושי 147
80358828,Hamar_moret,,False,חיפה,חיפה
80043474,הסושיה,מסעדה אסייאתית,True,חיפה,אנדרי סחרוב 9
80323728,Yaffa בורגר בר חיפה,מסעדת בשרים,False,חיפה,דרך יפו 30
80058746,ארומה - אספרסו בר,בתי קפה,False,חיפה,שד' ההגנה
80339745,WASABI SUSHI,מסעדה אסייאתית,False,חיפה,דוד אלעזר 10
80360022,Bar-B,,False,חיפה,חיפה
9103800,קטנה ומטריפה,מסעדה מזרחית,True,חיפה,גת 4
80332906,גאגא,גלידריות,False,חיפה,דוד אלעזר 10
80333622,שווארמה שניצל,חומוסייה,False,חיפה,חיפה
80137091,חונטה בר - Junta Bar,פאבים וברים,False,חיפה,שכ' קרית הטכניון
80228323,חצ'פורי מאיה,קונדיטוריה ומאפיות,True,חיפה,חלוצי התעשייה 12
80256935,רוקו סושי בר,מסעדה אסייאתית,False,חיפה,הנמל 10
80345025,חאלד עדווי אקספרס,,False,חיפה,מאיר הזורע 1
80205548,תלפיות,מסעדה ים תיכונית,False,חיפה,סירקין 28
38148940,המקום,מסעדה רומנית,False,חיפה,דגניה 65
69137010,סילבה,בתי קפה,False,חיפה,שד' מוריה 120
80102868,יאפא 39 - yafa 39,בתי קפה,False,חיפה,הבנקים 8
80333096,תאיר שחאדה,בתי קפה,False,חיפה,חיפה
80353080,Chicken Heaven,,False,חיפה,קהילת סלוניקי 12
80241703,רודיאו,פאבים וברים,False,חיפה,בלפור 23
80096495,דודו אוטמזגין,קונדיטוריה ומאפיות,True,חיפה,וודג'ווד 3
80306892,MR. BUN BURGER - MR.BUN BURGER,מסעדת המבורגרים,False,חיפה,נתיב האור 1
80354719,Philadelphia-טוסט נקניק,,False,חיפה,חיפה
80206621,מאי סנדוויץ',סנדוויץ' בר,False,חיפה,דרך יפו 139
80329238,Hot Brasil,,False,חיפה,חיפה
80111137,ארומה - אספרסו בר,בתי קפה,False,חיפה,שד' ההסתדרות 248
74656850,בריפ ארועים עם קונספט,,False,חיפה,חיפה
80330498,מיסטר קורן,,False,חיפה,חיפה
80150704,מסעדת רם,מסעדת בשרים,True,חיפה,האיצטדיון 6
80319036,El Burgery,מסעדת המבורגרים,False,חיפה,הנמל 43
80359824,בולס חיפה עיר תחתית,,False,חיפה,דרך העצמאות 72
80331103,קרייבינג חיפה Cravin burger,,False,חיפה,אוסקר שינדלר 7
80357384,חומוס ברכה מנגל בר חומוס,,False,חיפה,חיפה
24392550,קלמנ'ס בר ומטבח יווני בנמל - kalmans,פאבים וברים,False,חיפה,הנמל 3
80172074,מאפיית רוממה,קונדיטוריה ומאפיות,False,חיפה,אורן 25
80049085,קפה גרג,בתי קפה,False,חיפה,שד' הנשיא 138
80216921,ubhan - the pint,פאבים וברים,False,חיפה,מצדה 8
80174318,בורקס טורקי מאיזמיר,אוכל רחוב,False,חיפה,משה אהרון 8
80329328,ג'והרה הדרוזית בבת-גלים,קייטרינג,False,חיפה,העליה השניה 14
80360232,חמרמורת,פאבים וברים,False,חיפה,סירקין 27
80116304,מנדרין,בתי קפה,False,חיפה,פלימן משה 4
80320204,הכנופיה,,False,חיפה,הדשנים 4
314680,שווארמה חאזן פורד,מסעדת בשרים,False,חיפה,דרך יפו 140
80215646,קונדיטורית אייל,קונדיטוריה ומאפיות,True,חיפה,חלוצי התעשייה 92
80307069,סארו קונדיטוריה,קונדיטוריה ומאפיות,False,חיפה,דרך יפו 19
80342761,אצל השמן,,False,חיפה,ארלוזורוב 4
80327537,דרך האוכל,קייטרינג,True,חיפה,חניתה 16
80323483,רובן קריות,מסעדת בשרים,False,חיפה,שד' ההסתדרות 248
80348091,קרמרי דה ל'אקלר -חיפה,גלידריות,False,חיפה,דרך העצמאות 49
80240429,פאדיס פיצה - Joseph Bakery,קונדיטוריה ומאפיות,False,חיפה,הבנקים 10
80359323,בא לי חלה,,False,חיפה,"אח""י אילת 69"
7047420,בית השווארמה והגריל של משה,מסעדה מזרחית,False,חיפה,דרך יפו 138
80114030,יעקב קבב,מסעדת בשרים,False,חיפה,"אח""י אילת 21"
63815450,לחם ארז,בתי קפה,False,חיפה,שד' מוריה 33
80110095,אמריקן פיצה,פיצריות,False,חיפה,חניתה 16
80343330,ארליך - Tasty choice,קונדיטוריה ומאפיות,False,חיפה,חיפה
80105707,מינה טומיי קסטרא חיפה,מסעדה אסייאתית,False,חיפה,פלימן משה 8
80365506,שווארמה פלפלת,,False,חיפה,חיפה
80324801,בונג'ור,קונדיטוריה ומאפיות,False,חיפה,דגניה 30
80334425,Ruben נווה שאנן,,False,חיפה,הגליל 100
80016270,לג'נדה - LEGGENDA,גלידריות,False,חיפה,שד' הנשיא 129
80333207,Mr&Mrs BURGER,,False,חיפה,חיפה
80236380,קפה קפה - cafe cafe,בתי קפה,False,חיפה,"אח""י אילת 55"
30570230,אבו מרון,חומוסייה,False,חיפה,קיבוץ גלויות 1
80341425,השוק של נתי,,False,חיפה,חיפה
80328690,Paprika,מסעדת בשרים,False,חיפה,דרך אלנבי 12
80240766,ג'יוקוסו,מסעדה איטלקית,False,חיפה,הנמל 21
80330427,דאון טאון אקספרס Downtown Express,,False,חיפה,חיפה
80358572,פאני פיצה,פיצריות,False,חיפה,החלוץ 38
80237236,ב. ביירות b beirut,מסעדה מזרחית,False,חיפה,דרך העצמאות 140
80348059,במבו מרקט BMBOO MARKET,,False,חיפה,קיבוץ גלויות 86
80229044,הפינה,בתי קפה,False,חיפה,מסדה 43
80216147,ג'וטי,מסעדה הודית,False,חיפה,חיפה
80013902,הנמל 24 - Hanamal 24,מסעדה צרפתית,False,חיפה,הנמל 24
80346350,שווארמה בכיכר,,False,חיפה,האיצטדיון 4
35943300,לחם תושיה,קונדיטוריה ומאפיות,False,חיפה,הרצל 27
16050880,סנדביץ' בר זיו,סנדוויץ' בר,True,חיפה,שד' טרומפלדור 56
80091268,קייטרינג לורי - lori,קייטרינג,False,חיפה,חיפה
80049165,בורגראנץ',מסעדת המבורגרים,True,חיפה,שד' ההסתדרות 248
80181906,החומוסיה של צביקה,חומוסייה,False,חיפה,כברי 2
80290925,קפה בוביס,מסעדה חלבית,True,חיפה,שלמה בן יוסף 6
80337203,the smoker haifa דה סמוקר חיפה,,False,חיפה,חיפה
80163092,קפה בריסל,בתי קפה,False,חיפה,שד' מוריה 13
80292310,ALF אלף,מסעדה טבעונית,False,חיפה,דרך יפו 44
80356733,Star Sweet,קונדיטוריה ומאפיות,False,חיפה,חיפה
80353468,תוםתום ראמן,,False,חיפה,חיפה
80341366,WOW BURGER קריות,,False,חיפה,"אח""י אילת 55"
80352157,שווארמה חזאן,חומוסייה,False,חיפה,שד' ההסתדרות 58
80234031,צ'י'צ'ו לחם קציצות רוטב,סנדוויץ' בר,False,חיפה,נתנזון 6
80354926,בעיתו,,False,חיפה,חיפה
80148076,בית האוכל של סלבה,מטבח ביתי,False,חיפה,יחיאל 10
80342887,Lebakery,קונדיטוריה ומאפיות,False,חיפה,חיפה
80330536,סאטושי- קולינריה יפנית,מטבח ביתי,False,חיפה,חיפה
80346013,פונטנה,מסעדה צמחונית,False,חיפה,חיפה
80177873,טאטאמי,מסעדה אסייאתית,False,חיפה,שד' הנשיא 134
21056580,זנזרה,מסעדה איטלקית,False,חיפה,הגליל 103
80346399,בית הטאבון,,False,חיפה,אנדרי סחרוב 9
80324224,פוקה ואן,,False,חיפה,אנדרי סחרוב 9
80229779,פיצה טרמינל,פיצריות,True,חיפה,אילנות 1
80332226,שווארמה ותבשילי דליה,מטבח ביתי,False,חיפה,האשלג 3
80364627,הגח'נוניה,,False,חיפה,חיפה
80332622,המקפיץ,,False,חיפה,חיפה
80304343,מלביר,פאבים וברים,False,חיפה,הנמל 32
80357251,שוארמה מרלן,,False,חיפה,חיפה
80019606,פאב מוריסון,פאבים וברים,False,חיפה,יפה נוף 115
80313072,אבו שאקר,חומוסייה,False,חיפה,שד' המגינים 29
80329988,וולקנו מטבח של אמא,,False,חיפה,החלוץ 3
80299445,הג'חנון של שרון,מטבח ביתי,False,חיפה,השיירה 11
80049517,לה גופרה חיפה,גלידריות,False,חיפה,"אח""י אילת 9"
80359910,KING KONG,מסעדה דרום אמריקאית,False,חיפה,חורב 15
80291540,"ויינר בית מאפה בע""מ",קונדיטוריה ומאפיות,False,חיפה,האיצטדיון 25
80347663,סביח התחתית,,False,חיפה,הנמל 27
80354298,מאיה בשרים,מטבח ביתי,False,חיפה,דרור 24
80132181,בלקון,מסעדת בשרים,False,חיפה,שד' בן גוריון 40
80350907,קפה שלו,בתי קפה,False,חיפה,שד' הנשיא 21
80328467,Feiwel,פאבים וברים,False,חיפה,מחניים 4
80332446,אמסטרדם צ'יפס,,False,חיפה,חיפה
37309750,קפה גרג,בתי קפה,True,חיפה,שד' ההסתדרות 55
80294916,סטיישן סנדביץ' קלאב-STATION SANDWICH CLUB,סנדוויץ' בר,True,חיפה,דרך שמחה גולן 54
80322114,דה פריז,,False,חיפה,הנמל 32
80342047,הבאניה,,False,חיפה,"אח""י אילת 10"
80255670,המטבח של רוית,קייטרינג,True,חיפה,סלומון 18
80286160,על האש קווקזי,מסעדת בשרים,True,חיפה,ארלוזורוב 4
80333494,אינג'רה אקספרס,מטבח ביתי,False,חיפה,חיפה
80336208,The dog house דה דוג האוס,,False,חיפה,שער פלמר 3
80336562,KOSTA סנדוויץ' בר,,False,חיפה,דרך יד לבנים 12
80176499,קפה זום,בתי קפה,False,חיפה,מסדה 22
80244064,קפה עלית-אספרסו בר,בתי קפה,True,חיפה,חיפה
80243812,גרג קיטשן - Greg Kitchen,בתי קפה,False,חיפה,שד' מוריה 110
80134648,פיצה מאנצ',פיצריות,False,חיפה,"אח""י אילת 55"
80313465,שרה אוכל ביתי,מטבח ביתי,False,חיפה,הדגן 10
80333245,פיצה פלוס קריות,פיצריות,True,חיפה,משה חיים שפירא 12
80045916,קפה לואיז,בתי קפה,False,חיפה,שד' מוריה 58
80265716,מסעדת אבו שקארה,מסעדה מזרחית,False,חיפה,גרינבוים יצחק 18
80335725,ניחוחות של שבת,קייטרינג,False,חיפה,חיפה
80318256,קסבה,פאבים וברים,False,חיפה,נתנזון 5
80124437,שיבולת הדר,קונדיטוריה ומאפיות,True,חיפה,החלוץ 65
80354786,הש מאפיית מורגאן,קונדיטוריה ומאפיות,False,חיפה,דרך אלנבי 20
66234250,לחם ארז,בתי קפה,True,חיפה,דרך שמחה גולן 54
80351829,פירור זהב,קונדיטוריה ומאפיות,False,חיפה,סירקין 21
80329908,שיפודים נאיל,,False,חיפה,חיפה
80338352,אמריקן פיצה הדר,פיצריות,False,חיפה,הנביאים 4
80296512,אלי אטדגי - אטדגוס שף פרטי,מטבח ביתי,False,חיפה,חיפה
80321933,קייטרינג יובלים,קייטרינג,False,חיפה,חיפה
7208390,אצל בני,מסעדה מזרחית,True,חיפה,החלוץ 23
80360242,פוד קריים FOOD CRIME,,False,חיפה,שד' המגינים 53
80246438,מאפיית הארץ,קונדיטוריה ומאפיות,True,חיפה,העליה השניה 33
80287219,מאפיית המפגש קריית חיים,קונדיטוריה ומאפיות,True,חיפה,"אח""י אילת 32"
80026183,קניבר - Kanibar,מסעדת בשרים,False,חיפה,שד' מוריה 110
80339575,הדיקטטור,,False,חיפה,נתנזון
80240759,איטליאנו דה לה קוסטה - Eataliano,מסעדה איטלקית,False,חיפה,העליה השניה 96
80112625,מקדונלד'ס,מסעדת המבורגרים,False,חיפה,"אח""י אילת 63"
7327760,העוגה,קונדיטוריה ומאפיות,True,חיפה,הרצל 14
80343375,שווארמה בכיכר טבעון,חומוסייה,False,חיפה,נתנזון
38376140,מקסים,מסעדה ים תיכונית,False,חיפה,הצדף
80281190,פרש קיטשן - Fresh kitchen,מסעדה איטלקית,False,חיפה,חיפה
80232227,ארומה - אספרסו בר,בתי קפה,False,חיפה,שד' בן גוריון 8
63317480,מקדונלד'ס,מסעדת המבורגרים,False,חיפה,שד' בן גוריון 6
80283023,המאמות,קייטרינג,True,חיפה,חיפה
80353506,קפה נעימה,בתי קפה,False,חיפה,דרך יפו 49
80299267,רונזו ronzo,מסעדה ים תיכונית,False,חיפה,מחניים 8
80331996,אוטוכנאפה,,False,חיפה,פלימן משה 4
80294825,ביר סטיישן - Beer Station,פאבים וברים,False,חיפה,דוברין נחום 3
80343863,חמוס באשא,,False,חיפה,הרצל 47
80308600,Omnivore gastrobar,מסעדה רוסית,False,חיפה,קהילת סלוניקי 6
80282650,ביגה - BIGA,בתי קפה,True,חיפה,שלום עליכם 5
80324076,Flafel Orion פלאפל אוריון,חומוסייה,False,חיפה,הרצל 14
80349902,קייטרינג שפירא 6,מסעדת בשרים,False,חיפה,שפירא 6
80355038,TOMOKA טומוקה,מסעדה אסייאתית,False,חיפה,דרך שמחה גולן 54
80244077,קפה עלית-אספרסו בר,בתי קפה,True,חיפה,שכ' כפר סמיר 7
80017308,אוג'ו - OJO,מסעדה אסייאתית,False,חיפה,דרך שמחה גולן 54
80322985,ברדא,בתי קפה,False,חיפה,הנמל 6
33346200,כפיתו - Capito,גלידריות,False,חיפה,שד' ההסתדרות 55
80320317,לוקומי,,False,חיפה,ביאליק 7
367310,פרג',חומוסייה,False,חיפה,שד' המגינים 29
80319965,פיצה מאנצ' - חיפה,פיצריות,False,חיפה,דרך הים 3
80146045,אמיליה - Emilia,מסעדה איטלקית,False,חיפה,שד' מוריה 120
80203198,שווארמלה,אוכל רחוב,True,חיפה,חניתה 40
80340457,Tasty Choice bread & coffee,,False,חיפה,שונית 10
80163230,"טיב וטעים בע""מ",קייטרינג,False,חיפה,חניתה 24
80309501,דיינו,מסעדה אסייאתית,False,חיפה,דרך העצמאות 72
80322752,MAMA'S TABLE,,False,חיפה,משה אהרון 12
80365688,שווארמה כרמל,,False,חיפה,חיפה
80360408,ה'שווארמה,חומוסייה,False,חיפה,"אח""י אילת 55"
80333268,Taste of Mexico,,False,חיפה,שד' ההסתדרות 55
80251479,חומוס הבוטקה,חומוסייה,False,חיפה,חלוצי התעשייה 94
80300988,סנדוויץ הכיכר,סנדוויץ' בר,True,חיפה,הסולל 1
80216467,שיפודי הטלה,מסעדת בשרים,True,חיפה,דגניה 30
80049064,קפה גרג,בתי קפה,False,חיפה,פלימן משה 4
251220,גלרי קורנר,סנדוויץ' בר,False,חיפה,הרצל 61
80348056,שניצל הירושלמי,,False,חיפה,דרך יפו 141
80351017,דון פלגרינו Don Pellegrino,מטבח ביתי,False,חיפה,חיפה
15720070,שיפודי חיפה,מסעדה מזרחית,False,חיפה,שד' ההסתדרות 249
80346432,שווארמה גוד,,False,חיפה,נתנזון 26
6885070,פיצה פדאל,פיצריות,False,חיפה,דגניה 29
80356577,סנדוויץ' 15,,False,חיפה,דרך העצמאות 80
30812700,רפי,מסעדה מזרחית,False,חיפה,אופיר 31
80338253,מאזאתי,,False,חיפה,דרך יפו 31
80181193,אבו יוסף הטורעאני,מסעדת בשרים,False,חיפה,שד' ההסתדרות 8
80324921,כנאפה תלפיות,,False,חיפה,סירקין 31
80329017,פיצה לי וירו,,False,חיפה,חיפה
80360364,Miss Ranin - חיפה,,False,חיפה,חיפה
80341473,ABU SUSU,,False,חיפה,חיפה
80353218,M.R BURGER,,False,חיפה,קהילת סלוניקי 10
80260862,קייטרינג מאכלי השף,קייטרינג,True,חיפה,התיכון 19
80322073,קאסה איטליאנו צומת קריית אתא,מסעדה איטלקית,False,חיפה,חלוצי התעשייה 2
80343424,פאב הדוב,פאבים וברים,False,חיפה,וודג'ווד 4
80270043,פיצה עגבניה,פיצריות,True,חיפה,חורב 15
80345487,וי גוזה בייקרי,מסעדה צמחונית,False,חיפה,סמ' אליהו הנביא 1
80289778,בוריטו BURRITO,מסעדה מקסיקנית,False,חיפה,שד' הנשיא 121
80173098,בורגראנץ',מסעדת המבורגרים,True,חיפה,חיפה
80319958,חומוס אבו סמיר,,False,חיפה,דרך יפו 131
7199220,מעיין הבירה,מסעדה מזרח אירופאית,False,חיפה,נתנזון 4
80341746,צ'ילו,מסעדת קונספט,False,חיפה,נתנזון 7
80357932,פלאפל נפתלי,,False,חיפה,חיפה
80115087,מאפיית שילת,קונדיטוריה ומאפיות,False,חיפה,האיצטדיון 4
80355644,שווארמה,חומוסייה,False,חיפה,שבתאי לוי 22
80119330,חיפושית בקפה,כשר,True,חיפה,שד' טרומפלדור 1
80323999,מעשנת זיו,,False,חיפה,שד' טרומפלדור 54
80330547,כרמלה אירוח ואירועי בוטיק,מטבח ביתי,False,חיפה,חיפה
80353256,דודא לפיצה,פיצריות,True,חיפה,הרצל 46
80311047,מורל טאפס עולמי ויין,מסעדת קונספט,False,חיפה,הנמל 33
7197730,כשר וטעים,מטבח ביתי,True,חיפה,הרצל 40
80351173,שווארמה כאוס,חומוסייה,False,חיפה,הרצל 37
80250410,ארטו - Arto,מסעדת בשרים,False,חיפה,קדושי יאסי 2
80329272,לה-דולצה,פיצריות,False,חיפה,חיפה
80354253,מנגל,,False,חיפה,שד' מוריה 54
80323835,מאסה - masa,מסעדת בשרים,False,חיפה,שד' מוריה 29
80352626,באגט אוחנה,,False,חיפה,שד' ההסתדרות 84
80349157,ALFמטבח טבעוני חיפאי,,False,חיפה,חיפה
80331847,חומוס אבו מרון,חומוסייה,False,חיפה,דרך יפו 139
80342970,Mint Haifa,פאבים וברים,False,חיפה,דרך העצמאות 84
80310996,כיסונים ורביולי,קייטרינג,False,חיפה,אורן 25
80322051,יעקב קבב,,False,חיפה,אהרונסון 10
80218511,אפונענע,קייטרינג,True,חיפה,חטיבת גולני 66
80329969,הסנדק,פאבים וברים,False,חיפה,קדושי בגדד 19
80355700,"ד""ר פיצה בע""מ",פיצריות,False,חיפה,דרך אלנבי 97
63316230,מקדונלד'ס,מסעדת המבורגרים,False,חיפה,החרושת 1
80186203,עונות,מסעדה ים תיכונית,False,חיפה,דוד אלעזר 10
80355677,החבית,,False,חיפה,דוד אלעזר 5
80328103,TAILS,בתי קפה,False,חיפה,בלפור 2
80334908,מפגש הכנאפה,,False,חיפה,חיפה
80330491,עומרי בגט חיפה,,False,חיפה,ז'בוטינסקי 17
80341423,ורדה warda,,False,חיפה,חיפה
80202966,מאנקיס פיצה - Monkey's Pizza,פיצריות,False,חיפה,שונית 12
80081501,מאמא פיתה,פיצריות,False,חיפה,דרך אלנבי 57
80335963,בא בסבבה,,False,חיפה,דרך הים 204
80316681,Lucky Coffee - Lucky Coffee,בתי קפה,False,חיפה,ככר מאירהוף 6
80298186,וגהבונד - vegabond,מטבח ביתי,False,חיפה,ניצנים 14
80113226,קפה עלית-אספרסו בר,בתי קפה,True,חיפה,חיל הים 10
80283205,גוד פוד - Good food,קייטרינג,False,חיפה,שד' אבא חושי 13
80282938,El Burgery חיפה,מסעדת המבורגרים,False,חיפה,הנמל 43
80335592,אל דמשקי,,False,חיפה,סמ' סלוניקי 5
80096828,קופי לוקו,בתי קפה,False,חיפה,חלוצי התעשייה 6
80218162,פיצה האט,פיצריות,False,חיפה,שד' בן גוריון 53
80334292,ההודית,מטבח ביתי,False,חיפה,חיפה
80289376,התרבוש,מסעדת בשרים,False,חיפה,שד' בן גוריון 36
80277717,בית הפיצה חיפה,פיצריות,False,חיפה,יוכבד 18
80304488,פלאפל וסביח,חומוסייה,False,חיפה,חלוצי התעשייה 11
80017770,בריז- אירועים,,False,חיפה,דוד אלעזר 9
80301630,מיט,מסעדת בשרים,False,חיפה,שד' הנשיא 129
80333185,benoz burger,,False,חיפה,חלוצי התעשייה 100
80228444,מקדונלד'ס,מסעדת המבורגרים,False,חיפה,דרך בר יהודה 111
80356158,פלאפל אריק,חומוסייה,False,חיפה,הרצל 29
80328286,GAGA גאגא,גלידריות,False,חיפה,דוד אלעזר 10
80186773,ראיי - Rai,בתי קפה,False,חיפה,הלל 2
80334201,טוסט נקניק עד הבית,,False,חיפה,חיפה
80319623,meat man,קייטרינג,False,חיפה,"אח""י אילת 21"
80356543,איטליאנו דלי קפה,,False,חיפה,שדרות הנשיא טרומן 109
80348082,זט זאטון,,False,חיפה,סירקין 7
80352797,סינטה בר אקספרס,,False,חיפה,אלברט איינשטיין 139
80236130,חומוס אליהו,חומוסייה,True,חיפה,משה דיין 2
80322676,גולדה,בתי קפה,False,חיפה,דוברין נחום 3
80366247,Julie's Kitchen,,False,חיפה,חיפה
15728410,"כוכב המזרח - אחים ""דיאב""",מסעדה מזרחית,False,חיפה,חלוצי התעשייה 100
62734290,מנדרין,בתי קפה,False,חיפה,שד' הנשיא 129
80312595,פלאפל מישל,מטבח ביתי,True,חיפה,"אח""י אילת 21"
80094061,שוואטינא סטלה מאריס - shawatina,מסעדה ים תיכונית,False,חיפה,דרך סטלה מריס 100
80322614,שאוורמה אייל,,False,חיפה,האשלג 3
80349367,מטבח של שלום,,False,חיפה,שד' בן גוריון 24
38134170,פיצה טורינו,פיצריות,False,חיפה,"אח""י אילת 11"
80218428,חמאם פאשה,בתי קפה,False,חיפה,חמם אל פשה 9
80344720,JAFRA Express,,False,חיפה,חיפה
80248700,cofix,בתי קפה,True,חיפה,חלוצי התעשייה 92
6665290,קפאין,בתי קפה,False,חיפה,שד' הנשיא 125
80170190,בי בי בי - BBB,מסעדת המבורגרים,False,חיפה,שד' מוריה 133
80344311,poka poka,,False,חיפה,חיפה
80264007,אבו מרון,חומוסייה,False,חיפה,קדושי יאסי 2
80329358,פיצה מאנד,פיצריות,False,חיפה,חיפה
80123351,בורקס העגלה,,False,חיפה,"אח""י אילת 10"
80346340,פיתוש,,False,חיפה,שד' ההסתדרות 157
7431040,מרכוס ובניו,קונדיטוריה ומאפיות,True,חיפה,החלוץ 49
80343325,טוקה פיצה בר,פיצריות,False,חיפה,הנמל 32
80334704,סמיבוסק,,False,חיפה,חיפה
80279893,דומינו'ס פיצה,פיצריות,False,חיפה,אלברט איינשטיין 139
80298102,Yaffa,מסעדת בשרים,False,חיפה,דרך יפו 30
80307575,אווזי - avazi,מסעדת בשרים,False,חיפה,פלימן משה 4
20256900,מאפיית פלפלה,קונדיטוריה ומאפיות,False,חיפה,ואדי 41
10762720,"""המעגן""",מסעדת דגים,False,חיפה,נתנזון 16
80259384,Furman's,קייטרינג,True,חיפה,יהודה איתין 5
80276088,המסילה - בר ישראלי,פאבים וברים,False,חיפה,שד' הנשיא 135
80281261,Kulinarik - קולינאריק,מטבח ביתי,False,חיפה,אנטוורפן 56
80354936,Bakery & more,בתי קפה,False,חיפה,נתנזון 19
80242714,cofix,בתי קפה,True,חיפה,הנביאים 5
80167487,בורקס פיצה מטר,אוכל רחוב,False,חיפה,שד' המגינים 60
80296221,מנדרין,בתי קפה,True,חיפה,שד' ההסתדרות 55
80071480,פלאפל אבו אחמד,אוכל רחוב,False,חיפה,קיבוץ גלויות 34
80299637,זמן קפה,בתי קפה,False,חיפה,הרצל 18
80260885,מאפיית בייקרס אגמי,קונדיטוריה ומאפיות,False,חיפה,"אח""י אילת 21"
80351486,סושי מאנמי,מטבח ביתי,False,חיפה,חיפה
80155975,סבתא - כריכים עבודת יד חיפה - SAVTA,סנדוויץ' בר,False,חיפה,צפרירים 2
80304212,מלכת הטאבון,מטבח ביתי,True,חיפה,חורב 16
80113370,סודוקו,סנדוויץ' בר,False,חיפה,הנפח 4
80332438,סינטה בר חיפה,מסעדת בשרים,False,חיפה,חיפה
80243437,ארומה - אספרסו בר,בתי קפה,False,חיפה,"אח""י אילת 9"
80347073,דומינו'ס פיצה,,False,חיפה,חיפה
80332768,גלידרית גילטו,גלידריות,False,חיפה,מוהליבר 14
80332548,הסושיה לב המפרץ,מסעדה אסייאתית,False,חיפה,שד' ההסתדרות 55
80358710,באבוליני Babulini,,False,חיפה,ניסנבוים 13
80237475,פיצה אמאזונס,פיצריות,True,חיפה,גדליהו 6
80260589,פלח הרימון,קייטרינג,True,חיפה,חלוצי התעשייה 73
80042103,אגאדיר - AGADIR,מסעדת המבורגרים,False,חיפה,דוד פינסקי 6
38255690,בורקס העגלה,קונדיטוריה ומאפיות,False,חיפה,שד' מוריה 52
80346406,שוארמה ופלאפל האחים,,False,חיפה,דרך יפו 136
80205392,שווארמה אמיר,אוכל רחוב,False,חיפה,שד' ההסתדרות 56
80353994,BEER&FOOD,פאבים וברים,False,חיפה,יחיאל 7
80269849,פסטהל'ה,מסעדה איטלקית,False,חיפה,אוסקר שינדלר 7
37692960,בורקס בכר העגלה,קונדיטוריה ומאפיות,False,חיפה,קיבוץ גלויות 64
80179945,לחם גל,קונדיטוריה ומאפיות,False,חיפה,שד' מוריה 3
80341988,השניצליה חיפה,,False,חיפה,נתנזון 11
80340285,Rivewest,,False,חיפה,חיפה
23979330,סנדוויץ' טוב,סנדוויץ' בר,True,חיפה,החלוץ 15
80156535,יעקב קבב בת גלים,מסעדת בשרים,True,חיפה,העליה השניה 20
80328254,D1 diwan,פאבים וברים,False,חיפה,הנמל 15
31494240,פלאפל ירושלמי,מסעדה מזרחית,True,חיפה,הרצל 62
80334922,פאט ויני Fat Vinny - עזריאלי חיפה,מסעדה איטלקית,False,חיפה,פלימן משה 4
80324433,פת שטינבך מאפיה חשמלית חיפה,קונדיטוריה ומאפיות,False,חיפה,דרך יפו 28
80355111,wokstreet,,False,חיפה,העליה השניה 8
80271647,LEGGENDA - LEGGENDA,גלידריות,False,חיפה,הסולל 8
80246138,Moonshiners - Moonshiners,פאבים וברים,False,חיפה,קהילת סלוניקי 1
80098013,איגלו יוגורט בר,גלידריות,False,חיפה,שד' בן גוריון 36
80336359,מאיר בעל הטעמים,,False,חיפה,נתיב חכמי ישראל 1
80329438,סדנת בשר של בנצי,קייטרינג,False,חיפה,חיפה
80285729,טאטאמי,מסעדה אסייאתית,True,חיפה,קדושי יאסי 1
80340645,אל סגרטו,מסעדת בשרים,False,חיפה,הנמל 25
80061027,"מאפית אריאל בע""מ",קונדיטוריה ומאפיות,False,חיפה,חורב 13
80358725,מיט מאסטר,מסעדת בשרים,False,חיפה,חלוצי התעשייה 6
80328563,סורקיס,בתי קפה,False,חיפה,"אח""י אילת 55"
80352158,פלאפל חזן,חומוסייה,False,חיפה,שד' ההסתדרות 58
80352220,פיצה הגולן,פיצריות,False,חיפה,קיבוץ גלויות 84
80212652,האוכל של מאמא,מסעדה מזרחית,True,חיפה,שד' ההסתדרות 8
80304230,מאפיית שילת,קונדיטוריה ומאפיות,False,חיפה,חניתה 30
80352225,Two 3 Restaurant,,False,חיפה,חיפה
80324949,בית קפה DOUBLE,בתי קפה,False,חיפה,הנמל 53
80314023,באבא ג'ון,חומוסייה,True,חיפה,דרך בר יהודה 33
80194971,גארדן - garden,מסעדה ים תיכונית,False,חיפה,שד' בן גוריון 43
80356873,אצל יוסי,,False,חיפה,דוד אלעזר
80365577,Hudo KumeK,קייטרינג,False,חיפה,חיפה
80354607,השנצלייה,,False,חיפה,חלוצי התעשייה 11
80329849,שיפודי חמודי,,False,חיפה,חיפה
80280047,מומו -MOMO,ביסטרו,False,חיפה,"אח""י אילת 7"
80149100,יר קפה - YerCafe,בתי קפה,False,חיפה,שד' צביה ויצחק 2
80288748,קפה אגוז,בתי קפה,False,חיפה,הרצל 20
80335649,In Burger We Trust,,False,חיפה,חיפה
80307868,במיוס,אוכל רחוב,True,חיפה,"אח""י אילת 19"
80323958,סוד השניצל,,False,חיפה,חיפה
80342007,השניצליה קריות,,False,חיפה,חלוצי התעשייה 11
80345635,סינמה פרדיסו CinemaParadiso,שף,False,חיפה,חיפה
80360265,קפה יערה,בתי קפה,False,חיפה,מסדה 1
62631490,סנק-בר,בתי קפה,False,חיפה,הרצל 61
80270868,חומוס וטאבון הקריה,אוכל רחוב,False,חיפה,"אח""י אילת 55"
80304718,סילבה בוילה,בתי קפה,False,חיפה,כיכר היינריך היינה 1
80350748,אילן אינסטלציה,,False,חיפה,חיפה
80309749,במבוק,מסעדת בשרים,False,חיפה,האשלג 3
80349643,M/R. BURGER,,False,חיפה,קהילת סלוניקי 10
80112588,קפה קפה הכרמל חיפה - cafe cafe,בתי קפה,False,חיפה,שד' הנשיא 139
80346072,סנדוויץ בושיש,,False,חיפה,החלוץ 59
80066596,"בית קפה ""העליון""",בתי קפה,False,חיפה,חיפה
80364261,סביח גריל בשרים,מסעדת בשרים,False,חיפה,שד' ההסתדרות 211
80158851,בדאלק,מטבח ביתי,True,חיפה,האיצטדיון 6
80344318,Mil? Mala,,False,חיפה,סירקין 21
80297527,שווארמה גנאם,אוכל רחוב,False,חיפה,עספור 19
80325005,מונאיס כנאפה,,False,חיפה,דרך הים 1
80355037,Sketch Haifa סקאץ׳ חיפה,,False,חיפה,פנחס ואברהם רוטנברג 2
80280557,Beram bar and coffee,פאבים וברים,False,חיפה,דרך יפו 31
80345867,קינג קונג,,False,חיפה,הסולל 10
80353630,שווארמה האחים חוף כרמל,,False,חיפה,דוד אלעזר 10
80337582,EscoBar,פאבים וברים,False,חיפה,הנמל 30
80355330,מסעדת קיסר,,False,חיפה,נתנזון 11
80242715,cofix,בתי קפה,True,חיפה,נתנזון 18
80215827,נוצ'ולה-גלידריה,גלידריות,False,חיפה,שד' טרומפלדור 56
80333739,נאופוליטן Neopolitan,פיצריות,False,חיפה,חיפה
80338392,וינו פיצה,פיצריות,False,חיפה,דרך יפו 57
80181468,בר גלים - Bar Galim,פאבים וברים,False,חיפה,יונתן 3
80338965,מוריה,,False,חיפה,שד' מוריה 105
80267462,ארקפה Arcaffe חיפה - Arcaffe,בתי קפה,False,חיפה,אוסקר שינדלר 7
80354601,בורקס אלפאני,,False,חיפה,הנביאים 33
80328567,סטרוברי,בתי קפה,False,חיפה,האיצטדיון 23
80345767,שיפודי חניני,,False,חיפה,שד' הציונות 20
80353183,שווארמה דליה,חומוסייה,False,חיפה,האשלג 3
80325008,עד העצם אקספרס,מסעדת בשרים,False,חיפה,שד' ההסתדרות 248
80273260,ניו דלי - New Deli,סנדוויץ' בר,True,חיפה,שד' ההסתדרות 55
80268891,פלאפל מישל,אוכל רחוב,False,חיפה,דרך יפו 39
80318219,MY COFFEE - My Coffee,בתי קפה,False,חיפה,דרך יפו 157
80347161,בריסקט ארט פוד,מסעדת בשרים,False,חיפה,הנאמנים 3
80250500,פיצה פלוס,פיצריות,True,חיפה,משה חיים שפירא 12
40889690,בורקס העגלה חיפה,מחיר ₪₪₪₪,False,חיפה,חלוצי התעשייה 2
80176506,קפה קפה - cafe cafe,בתי קפה,False,חיפה,"דרך פיק""א 69"
80359002,מסעדת אברמיקו,,False,חיפה,חיפה
7184030,פאב העוגן,פאבים וברים,False,חיפה,שער פלמר 3
80299673,גלידת מור,גלידריות,False,חיפה,עין דור 22
80323838,קראנצ' פיצה,פיצריות,False,חיפה,דרך צרפת 63
80224883,פסטה פאסטה,פיצריות,True,חיפה,שד' ההסתדרות 55
80333489,קרמרי דה לאקלר,גלידריות,False,חיפה,"אח""י אילת"
80042921,ארומה - אספרסו בר,בתי קפה,False,חיפה,השיש
80352223,TOP באגט פלוס,,False,חיפה,חיפה
80348006,סחבק - קריית חיים,,False,חיפה,חיפה
80248249,ציקן גריל,מסעדת בשרים,True,חיפה,שד' ההסתדרות 55
80322855,נקסט דור,פאבים וברים,False,חיפה,שער פלמר 1
80322290,הבולגרי חמארה בלקנית,,False,חיפה,חיפה
80119229,היינה קיוסקפה,בתי קפה,False,חיפה,דרך הים 68
80247085,מקדונלד'ס,מסעדת המבורגרים,False,חיפה,דרך שמחה גולן 54
80260122,אינסייד אאוט סושי בר - InsideOut,מסעדה אסייאתית,False,חיפה,מסדה 19
80320699,Biga- שער הצפון,בתי קפה,False,חיפה,דרך חיפה 30
80112581,קפה קפה טכניון חיפה - cafe cafe,בתי קפה,True,חיפה,שכ' קרית הטכניון
80222165,קפה לנדוור,בתי קפה,True,חיפה,דרך בר יהודה 111
80282090,Cafe Tlateen,בתי קפה,False,חיפה,מסדה 30
80299030,טבסקו - Tabasco,מטבח ביתי,True,חיפה,האשלג 3
80331199,גנאם סנדוויץ בר,,False,חיפה,דרך אלנבי 37
80251486,הפינה של אריק,אוכל רחוב,True,חיפה,הרצל 29
80338492,tentai sushi delivery,מטבח ביתי,False,חיפה,חיפה
30234620,קיוסקפה,בתי קפה,False,חיפה,שלום עליכם 3
80323606,BOUTIQUE BAKERY,,False,חיפה,דרך העצמאות 102
80113103,קפה עלית-אספרסו בר,בתי קפה,True,חיפה,שד' אבא חושי 199
80279948,דומינו'ס פיצה,פיצריות,False,חיפה,שד' הנשיא 119
80341000,בסבוסה,,False,חיפה,משה אהרון 2
41561050,מאפה זיו,קונדיטוריה ומאפיות,False,חיפה,שלום עליכם 2
80338829,קפה דרך הים,בתי קפה,False,חיפה,דרך הים 68
80061029,"מאפיית אריאל בע""מ",קונדיטוריה ומאפיות,False,חיפה,"צה""ל 12"
80322374,פיצה טומי חיפה,פיצריות,False,חיפה,דרך העצמאות 80
80347012,מלך הבאגט,,False,חיפה,סירקין 24
80346027,sticky rice,מסעדה אסייאתית,False,חיפה,חיפה
80341500,BURGER CHEF PANDA,,False,חיפה,חיפה
80352061,קדוש ופרוע,,False,חיפה,יחיאל
63000650,מנדרין,בתי קפה,False,חיפה,שד' מוריה 117
80333042,חומוס אלשאם,,False,חיפה,חיפה
80071263,בורקס בכר,קונדיטוריה ומאפיות,False,חיפה,שלום עליכם 5
80218165,פיצה האט,פיצריות,True,חיפה,חיפה
80359915,וילרי'קה,,False,חיפה,חיפה
80335139,אויסטר oyster,,False,חיפה,חיפה
80300768,פיצה טומי חיפה,פיצריות,True,חיפה,התיכון 86
62685850,אלדיאר - Aldiyar,מסעדה ים תיכונית,False,חיפה,שד' בן גוריון 55
80346212,משאוושה,,False,חיפה,העליה השניה 14
80337021,pizza meat,פיצריות,False,חיפה,חיפה
80319046,ביסטרו 128 - Bistro,פאבים וברים,False,חיפה,הבנקים 5
65667640,פלאפל זהר חיפה,,False,חיפה,שד' טרומפלדור 51
80281658,חומוס דובנוב 26,חומוסייה,True,חיפה,פלימן משה 8
80142190,אפטר דארק,מסעדת בשרים,False,חיפה,דרך יפו 30
80327455,אספרגוס אוכל דרוזי,מטבח ביתי,False,חיפה,אנדרי סחרוב 9
80243761,הסושיה,מסעדה אסייאתית,True,חיפה,העליה השניה 8
80250491,קפה Mish-Mish - Mish-Mish,בתי קפה,False,חיפה,שד' ההסתדרות 58
14849480,נימר מלך השווארמה,אוכל רחוב,False,חיפה,דרך יפו 44
80289442,מאזאט - Mazat,מסעדה ים תיכונית,False,חיפה,דוד אלעזר 12
80348009,ARIS,,False,חיפה,האיצטדיון 21
80304736,פאצ'ה מאמא - pachamama,מסעדה דרום אמריקאית,False,חיפה,הנמל 27
80308159,אצה - סושי בר,מסעדה אסייאתית,True,חיפה,"אח""י אילת 55"
80327580,מסעדת אבו עלי,,False,חיפה,חיפה
80329734,סלמתק,,False,חיפה,חיפה
80332069,עראבסקה,,False,חיפה,לונץ 7
80320206,קפה דיומא,בתי קפה,False,חיפה,שד' הנשיא 119
80327939,הטבח הנייד,קייטרינג,False,חיפה,ואדי
80234655,גלריה 279 בית לאירועים,,False,חיפה,שד' ההסתדרות 279
80088211,בארקי - BARki,פאבים וברים,False,חיפה,דרך העצמאות 84
80355432,סושי אווניו,מסעדה אסייאתית,False,חיפה,הנביאים 31
80289761,אהבתי,מסעדת בשרים,True,חיפה,השיש 49
80338779,Cinemaparadiso,,False,חיפה,דוד אלעזר 8
80349412,אוכל של אריה באהבה,מטבח ביתי,False,חיפה,חיפה
80332594,קוקוריצה,מטבח ביתי,False,חיפה,חיפה
80338785,NAJMA,,False,חיפה,העליה השניה 96
80232966,ראסטיק פיצה,פיצריות,False,חיפה,הנמל 63
80336133,Furman's נווה שאנן,פיצריות,False,חיפה,הגליל 100
80356526,פאפא ג'ונס חיפה,פיצריות,False,חיפה,שד' מוריה 132
80296454,Ink’d pub,פאבים וברים,False,חיפה,קהילת סלוניקי 2
80330281,חומוס ברדיצ'ב,חומוסייה,False,חיפה,שיבת ציון 34
80333742,סנדוויץ' טוני,,False,חיפה,נתן אלתרמן 1
80320837,קפאין,בתי קפה,False,חיפה,לירז אקסלרד 1
80328665,סבתוש,מטבח ביתי,False,חיפה,יוחנן הקדוש 30
80306420,Pizzeria Talpiot,פיצריות,False,חיפה,סירקין 30
80343506,סנדוויץ' בר הנמל,סנדוויץ' בר,False,חיפה,נתנזון 9
80206468,קראון פלאזה,מסעדה חלבית,True,חיפה,יפה נוף 111
80333984,אוכל תאילנדי אותנטי,מטבח ביתי,False,חיפה,חיפה
80206094,מוזס - Moses,מסעדת המבורגרים,False,חיפה,חלוצי התעשייה 96
60444080,קונדיטוריה שני,בתי קפה,True,חיפה,שד' טרומפלדור 29
80222692,קייטרינג עין הואדי,קייטרינג,False,חיפה,סורוקה משה 40
80227254,פלפלת פנורמה,בתי קפה,True,חיפה,שדרות הנשיא טרומן 107
41561540,הג'חנון מבית אמא,מסעדה תימנית,False,חיפה,"אח""י אילת 11"
67960150,אלחיר,מסעדה מזרחית,False,חיפה,שד' הנשיא 139
80298264,הקובה של אפי,מסעדה עירקית,True,חיפה,שער פלמר 2
80308657,המבשלה בשוק תלפיות,,False,חיפה,סירקין 27
80334962,mtokim,גלידריות,False,חיפה,חיפה
80339691,Carnitas,,False,חיפה,נתנזון 6
14629020,גולד פיש - Gold Fish,מסעדת דגים,False,חיפה,זיסו 26
80264947,כרמלה אורחים נוספים הגיעו,קייטרינג,True,חיפה,יגאל אלון 29
80071441,צ'רלי בר,פאבים וברים,False,חיפה,שער הלבנון 2
80250653,בורקס בכר העגלה,קונדיטוריה ומאפיות,True,חיפה,הגליל 76
80352734,הביס המושלם,,False,חיפה,העמלים 1
80349241,בורקס אליה,,False,חיפה,דרך הים 3
80115905,זסטי - Zesty,מסעדת המבורגרים,False,חיפה,חיפה
80337377,גנאם סנדוויץ בר,,False,חיפה,חיפה
40714860,סגאפו,מסעדה איטלקית,True,חיפה,"שד' הפלי""ם 2"
80353503,crudo haifa,,False,חיפה,הנמל 15
80330645,לולה מזנון ישראלי,,False,חיפה,נתנזון 11
80364681,SUSHICITY,מסעדה אסייאתית,False,חיפה,חיפה
80346853,שווארמה התאומים,חומוסייה,False,חיפה,שד' טרומפלדור 56
80074722,קפה גרג,בתי קפה,True,חיפה,הרב משאש 1
80343733,בנטו פיש,,False,חיפה,הרב קניאל 11
80312548,מידנייט פיצה,פיצריות,False,חיפה,השיש 21
80330778,זיגמנס בית של גלידה,גלידריות,False,חיפה,חיפה
80352538,ביירן מרקט Bayern Market,,False,חיפה,חיפה
80086221,מריאנו קייטרינג,קייטרינג,False,חיפה,בית לחם 19
80365398,בית הפנקיק המקורי מרכז הכרמל,,False,חיפה,חיפה
80330817,מיסטר פאי,,False,חיפה,חיפה
80282751,אחעלמלא - חומוס ועוד,חומוסייה,True,חיפה,השיש 48
80333735,Pita baer פיתה בעיר,,False,חיפה,"חטי""ב 4"
80348848,Meat shop-sandwich,,False,חיפה,חיפה
80352631,LORI-kitchen,מטבח ביתי,False,חיפה,חיפה
80365593,פיתה דייאלי,,False,חיפה,חיפה
10160390,קונדיטורית טיבי,קונדיטוריה ומאפיות,True,חיפה,שד' הנשיא 35
80338394,Beach Club Haifa,בתי קפה,False,חיפה,יוחאי בן נון 1
80158054,קפה קפה - cafe cafe,בתי קפה,False,חיפה,"אח""י אילת 55"
80193715,דיינר,,False,חיפה,שד' המגינים 3
80248814,אותנטבעי,מסעדה טבעונית,False,חיפה,סירקין 27
80113279,ג'פניקה,מסעדה אסייאתית,False,חיפה,שד' ההסתדרות 248
80178471,זברה,מסעדה צרפתית,False,חיפה,טשרניחובסקי 39
80014678,ארומה - אספרסו בר,בתי קפה,False,חיפה,דרך שמחה גולן 64
80344294,הנשיא 69,,False,חיפה,שד' הנשיא 69
80352578,"ד""ר בורגר 17",,False,חיפה,חיפה
7232390,מאפית גדעון,קונדיטוריה ומאפיות,False,חיפה,אליהו 4
8736200,מק דיוויד,מסעדת המבורגרים,False,חיפה,שד' טרומפלדור 56
80335912,חומוס אבו סמיר,חומוסייה,False,חיפה,חיפה
80348316,סחבק,,False,חיפה,"אח""י אילת 16"
80209628,רובן - Ruben,מסעדה אמריקאית,True,חיפה,"אח""י אילת 10"
80097956,אלי'ז פאב - Eli's Pub,פאבים וברים,False,חיפה,דרך יפו 35
26600900,שוארמה האחים מוגרבי,מסעדה מזרחית,False,חיפה,דרך יפו 140
80307348,אדיס גריל - Eddi's Grill,מסעדת בשרים,False,חיפה,"י""ל פרץ 31"
80323672,KNAFEH DE LUX,,False,חיפה,דרך העצמאות 33
80108124,סקולה לאונג' בר,פאבים וברים,False,חיפה,חמם אל פשה 5
80176824,מקום מעורב,מסעדת בשרים,False,חיפה,שד' הנשיא 130
80136018,מורגן-פאב אירי,פאבים וברים,False,חיפה,בהרב יקותיאל 3
80176199,ביסטרו וניה,ביסטרו,False,חיפה,שער פלמר 1
80345035,אוכל ביתי,מטבח ביתי,False,חיפה,חיפה
80248544,קפה קפה - cafe cafe,בתי קפה,True,חיפה,הגליל 100
80274331,איטאיט - Eatit,קייטרינג,True,חיפה,חטיבת גולני 66
80167398,צ'יקן האוס Chicken house,אוכל רחוב,False,חיפה,שבתאי לוי 9
37772990,כתום,מסעדת בשרים,True,חיפה,שד' המגינים 48
80327605,איל גוסטו,,False,חיפה,דרך שמחה גולן 54
80365570,Vardi Bar,בתי קפה,False,חיפה,חיפה
80240089,סושי בר,מסעדה אסייאתית,True,חיפה,"אח""י אילת 55"
80328679,Kabareet,פאבים וברים,False,חיפה,הזגג
80281776,דליקטו - ג'לאטו,גלידריות,False,חיפה,פלימן משה 8
80122721,אמרטי,פיצריות,False,חיפה,"פלמ""ח 25"
80344279,סבתוש,,False,חיפה,העמלים 1
80334237,shisu,מטבח ביתי,False,חיפה,חיפה
80334566,ASIATICO - אוכל רחוב אסייתי חיפה,מסעדה אסייאתית,False,חיפה,שלום עליכם 3
80079212,פלאפל ג'ורג',אוכל רחוב,False,חיפה,יוחנן הקדוש 26
80330745,דים סאם,מטבח ביתי,False,חיפה,חיפה
80330329,הג'חנון של מורן,מטבח ביתי,False,חיפה,האג 17
80327387,Joseph BAR - BARI,,False,חיפה,חיפה
80293157,ברסרי 107,ביסטרו,False,חיפה,יפה נוף 107
80301938,פיצה לזינו,פיצריות,True,חיפה,התיכון 86
80319640,59 בשדרה,כשר,True,חיפה,שד' בן גוריון 59
80329522,meat&more,,False,חיפה,חיפה
80355602,לה טורטיה חיפה,,False,חיפה,חיפה
80235409,ארומה - אספרסו בר,בתי קפה,True,חיפה,חיפה
15827410,שווארמה ג'יבלי,מסעדה מזרחית,True,חיפה,דרך יפו 134
80205526,בורגרים - Burgerim,מסעדת המבורגרים,True,חיפה,אלמוג 20
80331846,מסעדת ויק,,False,חיפה,פלימן משה 8
67961970,פיצריית ג'ראיסי,פיצריות,False,חיפה,דרך אלנבי 18
80265335,ג'אפן ג'אפן - JAPAN JAPAN,מסעדה אסייאתית,True,חיפה,שד' ההסתדרות 271
80322763,קפה נמרוד,בתי קפה,False,חיפה,שד' הנשיא 119
80080582,חומוס פאדי,חומוסייה,False,חיפה,הבנקים 4
80242703,cofix,בתי קפה,True,חיפה,שד' אבא חושי 199
80345007,בפיתה,,False,חיפה,שד' ההסתדרות 248
80353467,בורקס הדר,,False,חיפה,חיפה
80342435,בית העגל,,False,חיפה,חלוצי התעשייה 94
80341283,רוית - קייטרינג לאירועים,קייטרינג,False,חיפה,חיפה
80354339,TIME TIME,,False,חיפה,חיפה
80101364,הוואנה פלוס - Havana Plus,פאבים וברים,False,חיפה,שד' בן גוריון 12
80338919,אקלאתי - AKLATY,מסעדה ים תיכונית,False,חיפה,שד' הנשיא 139
80082124,מאכלי הבית,מטבח ביתי,False,חיפה,שד' ההסתדרות 251
64342860,איל פרסקו - il fresco,פיצריות,False,חיפה,דרך שמחה גולן 54
80262851,בליקר בייקרי - Bleecker Bakery,בתי קפה,True,חיפה,אלברט איינשטיין 139
80321779,ליליס LILY'S,,False,חיפה,שד' ההסתדרות 25
80282920,פרשפוינט,גלידריות,True,חיפה,פלימן משה 4
35700660,פיצה וינו וינו,פיצריות,False,חיפה,שד' הציונות 31
80349737,FBF,,False,חיפה,דרך העצמאות 94
80323870,סמוראי פוד - לב המפרץ,,False,חיפה,שד' ההסתדרות 55
80273815,גלידיום - Glidium,גלידריות,False,חיפה,שד' ההסתדרות 55
80336792,Wow burger,,False,חיפה,קיבוץ גלויות 48
80183648,אדן אספרסו בר,בתי קפה,True,חיפה,אנדרי סחרוב 9
80051329,אורן גיא קייטרינג,קייטרינג,False,חיפה,שד' רוטשילד 67
80347686,B BAKERY 58,קונדיטוריה ומאפיות,False,חיפה,שד' מוריה 58
80343591,NEWTON,,False,חיפה,שער פלמר 3
80157655,ששון-הבר באחוזה,פאבים וברים,False,חיפה,חורב 10
80275766,סטייק בר - Steak Bar S&B,מסעדת בשרים,False,חיפה,נתנזון 17
27777460,פלאפל ארמון,אוכל רחוב,True,חיפה,הנביאים 13
80318176,MY COFFEE,בתי קפה,False,חיפה,פלימן משה 8
80301986,קרנאפו - Karnafo,פיצריות,False,חיפה,שד' המגינים 95
38066190,האם נבילה,מסעדת בשרים,False,חיפה,תל אביב 1
80002258,ארומה - אספרסו בר,בתי קפה,True,חיפה,העליה השניה 8
80316211,סאלוט - salute,מסעדה ים תיכונית,False,חיפה,דרך יפו 78
80106342,מנדרין,בתי קפה,False,חיפה,חיפה
80321199,פרדייז,פאבים וברים,False,חיפה,"אח""י אילת"
80311218,קולינאריק - Kulinarik,מעדניה,True,חיפה,חורב 15
80291724,קרמרי דה ל'אקלר,גלידריות,False,חיפה,דרך העצמאות 49
80352072,Rive west ריב ווסט,,False,חיפה,דרך יפו 48
80352435,בגט אוחנה,,False,חיפה,שד' ההסתדרות 84
17116540,מסעדת אחים סאלח,מסעדה ים תיכונית,False,חיפה,שד' המגינים 5
80198256,זמן קפה,בתי קפה,False,חיפה,הרצל 41
80030793,לילי'ס,מסעדה רומנית,False,חיפה,שד' ההסתדרות 25
80289554,משוואינה,מסעדת בשרים,False,חיפה,עספור 19
80293365,קולינריה,מסעדת בשרים,False,חיפה,שד' ההסתדרות 76
62259810,אצל יאיר,מסעדת בשרים,False,חיפה,בעלי מלאכה 26
80324489,"ד""ר שאוורמה",,False,חיפה,הדשנים
80315459,HFA,מסעדה צרפתית,False,חיפה,הבנקים 5
80355895,MAX BURGER,מסעדת בשרים,False,חיפה,האיצטדיון
80234041,פלאפל אחלה,חומוסייה,True,חיפה,האיצטדיון 4
80295616,סנדוויץ' בר סמי הגדול חיפה,סנדוויץ' בר,True,חיפה,חלוצי התעשייה 2
80357552,דרים נמו,,False,חיפה,שד' בן גוריון 45
80333801,Dr.Greens,,False,חיפה,חיפה
80294317,Churchill's,פאבים וברים,False,חיפה,האיצטדיון 25
80319026,בא לי פיתה,מסעדת בשרים,False,חיפה,דרך יפו 30
80288735,טאקו סאלש Taco Slash,פאבים וברים,False,חיפה,שער פלמר 2
80351445,Bene,,False,חיפה,חיפה
80330533,ברוסקטה אירועים,קייטרינג,False,חיפה,הגליל
80119575,לג'נדה - LEGGENDA,גלידריות,False,חיפה,"אח""י אילת 10"
80154193,קונדיטוריה ויזל,קונדיטוריה ומאפיות,False,חיפה,"שד' הפלי""ם 5"
80339108,המזנון של אלם,,False,חיפה,מסדה 47
80352788,המנגל,,False,חיפה,צפרירים 1
9111230,שמלי הגריל הבולגרי,מסעדת בשרים,False,חיפה,דרך יפו 56
80321960,לה דולצ'ה,,False,חיפה,דרך יפו 141
80242708,cofix,בתי קפה,True,חיפה,דרך הים 3
80358935,taxi.burgerr,,False,חיפה,חיפה
80344487,טייסטי TASTY,,False,חיפה,חיפה
80031065,קלמאריס - Kalamaris,מסעדה ים תיכונית,False,חיפה,דרך סטלה מריס 100
80359402,יודי,פאבים וברים,False,חיפה,סירקין 30
80269615,האיטלקיה החמה,מסעדה איטלקית,False,חיפה,ארלוזורוב 80
80242717,cofix,בתי קפה,True,חיפה,"אח""י אילת 21"
80146931,טוקטוקי,סנדוויץ' בר,False,חיפה,חורב 18
80050953,ג'פניקה,מסעדה אסייאתית,False,חיפה,שד' הנשיא 122
80247577,בלאק - Black,מסעדת בשרים,False,חיפה,דרך שמחה גולן 54
80106295,קפאין,בתי קפה,False,חיפה,חורב 13
80336663,קבבצ'י KABABJI,,False,חיפה,שד' הנשיא 130
80342148,ביגה,בתי קפה,False,חיפה,חורב 12
80329949,pizzaרייה פיצרייה,פיצריות,False,חיפה,שד' ההסתדרות 84
80330360,קייטרינג גימי,קייטרינג,False,חיפה,חיפה
80348086,מקסיקניז,מסעדת המבורגרים,True,חיפה,"אח""י אילת 15"
80350843,מירבלה,,False,חיפה,שד' בן גוריון 40
80320670,חומוס נחמה,,False,חיפה,דרך העצמאות 3
80199412,רובן - Ruben,מסעדה אמריקאית,True,חיפה,שד' הנשיא 131
80211436,הסירים של KATI קאטי,מסעדה ים תיכונית,True,חיפה,קיבוץ גלויות 34
15896210,בית המאפה של אמא,קונדיטוריה ומאפיות,False,חיפה,קיבוץ גלויות 118
7135450,קונדיטוריה שני,בתי קפה,True,חיפה,דרך העצמאות 53
80354681,גריל בר,,False,חיפה,הנמל 27
80071624,שווארמה פלאפל סאלח,אוכל רחוב,False,חיפה,נתנזון 18
80033501,שיפודי גבעתיים,מסעדת בשרים,True,חיפה,שד' ההגנה 38
80321068,ממבו מילאנו,מסעדה איטלקית,False,חיפה,שד' מוריה 127
80335299,עייש אלסראיא,,False,חיפה,"י""ל פרץ 11"
80359569,הירושלמי,,False,חיפה,חיפה
80232375,Cofizz - Cofizz,בתי קפה,True,חיפה,שלום עליכם 1
80322343,טלק,בתי קפה,False,חיפה,סירקין 26
80317483,קפטן בורגר,מסעדת המבורגרים,False,חיפה,שד' טרומפלדור 53
80355622,סינמה פרדיסו,,False,חיפה,חיפה
80304107,השניצליה,שניצליה,True,חיפה,מאיר הזורע 1
27777200,המקום של אליהו,מסעדה ים תיכונית,False,חיפה,חיפה
80287782,caffe nuna קפה נונה,בתי קפה,True,חיפה,חיפה
80192174,ממליגה,מסעדה רומנית,False,חיפה,הבנקים 1
80324519,פיינה זאכן,קייטרינג,False,חיפה,חיפה
80169589,סנגריה,מסעדה ספרדית,False,חיפה,הבנקים 5
76380910,מקדונלד'ס,מסעדת המבורגרים,True,חיפה,העליה השניה 8
80101765,מסעדת עצמון,מסעדת בשרים,False,חיפה,הנביאים 32
80320258,טעימות,,False,חיפה,סירקין 38
80053725,פיצה פנורמה,פיצריות,True,חיפה,שער הלבנון 6
80333645,אזומאמי Azumami,מסעדה אסייאתית,False,חיפה,אוסקר שינדלר 7
80301718,אבולעפיה,קונדיטוריה ומאפיות,False,חיפה,דרך יפו 138
80227081,חלומות שטח - אוכל משובח בטבע,קייטרינג,True,חיפה,שד' המגינים 137
80352899,Fifty Two 52,,False,חיפה,חיפה
80346984,תאג מסעדה ובר,מסעדת בשרים,False,חיפה,דרך אלנבי 26
80101857,בבגט,,False,חיפה,האשלג 3
80331471,פורמנס,פיצריות,False,חיפה,הגליל 100
80353460,פומפיי חיפה,גלידריות,False,חיפה,החלוץ 68
80341703,SMOKIN,,False,חיפה,חיפה
80352944,קיסר,,False,חיפה,סירקין 38
80291304,המטבח של רחל,מטבח ביתי,False,חיפה,המלך שלמה 29
80357496,papiano פאפיאנו - חיפה,,False,חיפה,אוסקר שינדלר 7
80350128,אושי אושי - סושי בר,מסעדה אסייאתית,True,חיפה,פלימן משה 4
36743710,קפה פאזל,בתי קפה,False,חיפה,מסדה 21
80331403,סושילי SUSHILI,מטבח ביתי,False,חיפה,חיפה
80249438,ג'פניקה,מסעדה אסייאתית,True,חיפה,דרך בר יהודה 111
80119796,עולם האוכל,מסעדה מזרחית,False,חיפה,השיש 31
80338201,קלאסה,,False,חיפה,חיפה
80235567,לחמניותי,קונדיטוריה ומאפיות,False,חיפה,דרך אלנבי 119
80328995,a&m burgers,,False,חיפה,חיפה
80250234,אלי בגט,מסעדת בשרים,False,חיפה,שד' המגינים 79
80352258,שווארמה בילי,חומוסייה,False,חיפה,שד' המגינים 5
80341196,Sababa Bar,פאבים וברים,False,חיפה,חיפה
80124823,גריל בר גחלים,,False,חיפה,שד' טרומפלדור 54
27792390,כאמל,בתי קפה,False,חיפה,דוד אלעזר 5
80120301,מאפית דגן עודי,קונדיטוריה ומאפיות,False,חיפה,פלימן משה 4
21750080,בבושקה,מסעדה רוסית,False,חיפה,שד' ההסתדרות 35
80112856,קפה קפה גרנד קניון חיפה - cafe cafe,בתי קפה,False,חיפה,דרך שמחה גולן
80353726,ורניקס,,False,חיפה,הרצל 20
80333659,אליזבת מטבח ביתי,קייטרינג,False,חיפה,יוכבד
80205338,אצל קיזלר'ס,מסעדת קונספט,True,חיפה,השומר 28
80258781,דרך הגריל,קייטרינג,False,חיפה,חיפה
80224778,לוצ'יאנו - luciano,מסעדה איטלקית,False,חיפה,שד' הנשיא 122
80345673,יאן יאן - מסעדה סינית,,False,חיפה,דרך יפו 26
80324098,שווארמה חאזן חיפה -צומת קרית אתא,חומוסייה,False,חיפה,חלוצי התעשייה 2
80203759,נפוליאון סושי בר - Napoleon Sushi Bar,מסעדה יפנית,True,חיפה,שכ' קרית הטכניון
80319395,Friends Gastrobar - Friends Gastrobar,פאבים וברים,False,חיפה,דוד אלעזר 10
80102623,אלריאן,מסעדה מזרחית,False,חיפה,שד' בן גוריון 46
63316310,מקדונלד'ס,מסעדת המבורגרים,True,חיפה,שד' ההסתדרות 55
80156738,עין הואדי,מסעדה ערבית,False,חיפה,דרך העצמאות 140
80345354,שווארמה התאומים,חומוסייה,False,חיפה,חיפה
80358262,קונטראבאסטה,,False,חיפה,חיפה
80268578,סושי מן,מסעדה אסייאתית,True,חיפה,פלימן משה 4
80346593,חומוס ברכה,חומוסייה,False,חיפה,חיפה
80351895,ויוה בר,בתי קפה,False,חיפה,ורדיה 12
7194760,הפינה של אריק,אוכל רחוב,True,חיפה,החלוץ 32
80324009,מיסטר פרצעל,,False,חיפה,דרך שמחה גולן 54
80327454,לג'נדה,גלידריות,False,חיפה,חיפה
80346404,שווארמה אבו יוסף הטורעאני,,False,חיפה,שד' ההסתדרות 2
80087391,אלדו - ALDO,גלידריות,False,חיפה,"אח""י אילת 55"
80328296,Double,גלידריות,False,חיפה,הנמל 53
80343022,אמסטרדם פרמיום צ'יפס,,False,חיפה,חיפה
80274682,Back to Black,מסעדת בשרים,False,חיפה,דרך יפו 26
80300405,TWEETY בגט,סנדוויץ' בר,False,חיפה,הרצליה 10
80353598,האשטג בר,פאבים וברים,False,חיפה,דרך אלנבי 55
80281445,BATARD - BATARD,פאבים וברים,False,חיפה,כיאט 1
80337094,בית מאפה - לחם הגליל,קונדיטוריה ומאפיות,False,חיפה,"אח""י אילת 60"
4512780,צ'יינה ביי,מסעדה אסייאתית,True,חיפה,שד' הנשיא 101
80319602,פיצה פדאל חיפה קרית אליעזר,פיצריות,True,חיפה,ככר מאירהוף 3
80320634,אומאמי Umami חיפה - Umami,מסעדה אסייאתית,False,חיפה,הנמל 15
80364724,שווארמה סאלח באשא,,False,חיפה,חיפה
80320830,קפאין,בתי קפה,False,חיפה,הגליל 74
80173566,שווארמה בילי,אוכל רחוב,False,חיפה,שד' הנשיא 130
80355934,MYFISH MARKET,מסעדת דגים,False,חיפה,הנביאים
80347000,מאפיית המפגש,קונדיטוריה ומאפיות,False,חיפה,דרך העצמאות 54
80345049,רוטשילד בר,פאבים וברים,False,חיפה,הדגן 8
80320328,Crispy's & More,,False,חיפה,שד' בן גוריון 21
80321997,קומיקס comix,,False,חיפה,"אח""י אילת 65"
80334842,סלטי שרון,מטבח ביתי,False,חיפה,חיפה
80336459,הבסטה של בנסי,מטבח ביתי,False,חיפה,חיפה
80129290,יעל קוויזין - yael cuisine,,False,חיפה,"פלמ""ח 30"
80049051,קפה גרג,בתי קפה,False,חיפה,"אח""י אילת 20"
80227568,לחזא - Lahza,מסעדת בשרים,False,חיפה,נתנזון 17
80013209,סינקופה בר - Syncopa Bar,בתי קפה,False,חיפה,כיאט 5
80345154,פיצה פדאל חיפה,פיצריות,False,חיפה,חורב 16
80340037,ממתקי זיתונה,בתי קפה,False,חיפה,דרך רופין
80273473,פיצה טורינו,פיצריות,True,חיפה,שד' הנשיא 121
80283940,קפה טוב,בתי קפה,True,חיפה,בת חן 63
80327615,גולדה,גלידריות,False,חיפה,"אח""י אילת 15"
80347172,מסעדת אינדיס,,False,חיפה,חיפה
80365397,בית הפנקיק המקורי מרכז הכרמל,,False,חיפה,חיפה
80321464,פיתו'ש,,False,חיפה,"אח""י אילת 19"
80353537,שבעה טעמים,,False,חיפה,דרך אלנבי 97
80065124,כפיות,בתי קפה,False,חיפה,יפה נוף 99
23423760,דומינו'ס פיצה,פיצריות,False,חיפה,שד' מוריה 108
80328985,סילביה פיצה רומאית Silvia,פיצריות,False,חיפה,שד' הנשיא 133
80328658,מקאו,בתי קפה,False,חיפה,חיפה
80349518,מסאנא,,False,חיפה,חיפה
80365568,הג'חנון של חן,,False,חיפה,חיפה
80058727,שירותי קייטרינג מאיה,,False,חיפה,דרך צרפת 101
80232371,Cofizz - Cofizz,בתי קפה,True,חיפה,הרצל 20
80261015,טורטה,קונדיטוריה ומאפיות,False,חיפה,שבתאי לוי 13
80328706,טוטו גדליהו,בתי קפה,False,חיפה,צפרירים 2
80319987,פיצה לה בלה,פיצריות,False,חיפה,מאיר הזורע 1
80347550,סמי בייקרי,קונדיטוריה ומאפיות,False,חיפה,דרך יפו 137
7556780,"מאפית אחדות חיפה בע""מ",,False,חיפה,העמלים 9
80306379,פטוש גלרי,מסעדה ים תיכונית,False,חיפה,הנמל 6
80334381,לואיזה - luissa,מטבח ביתי,False,חיפה,שדרות הנשיא טרומן 119
63001150,פלאפל הזקנים,אוכל רחוב,False,חיפה,ואדי 18
80185194,מירון בית מאפה חיפה,קונדיטוריה ומאפיות,True,חיפה,דרך הים 2
80244079,קפה עלית-אספרסו בר,בתי קפה,True,חיפה,דרך העצמאות 67
80320999,RAN RESTAURANT CAFE,,False,חיפה,חיפה
80223116,ליבירה,מסעדת בשרים,False,חיפה,הנמל 26
80118914,אליאחור - Al Yakhour,חומוסייה,False,חיפה,שד' בן גוריון 24
80216737,מנדרין - קהונה ביץ',מסעדת דגים,False,חיפה,דוד אלעזר 10
80353500,Next Door חיפה,פאבים וברים,False,חיפה,שער פלמר 1
80329192,באר וונג אוכל אסיאתי,מטבח ביתי,False,חיפה,חיפה
80020045,בשרלה,מסעדת בשרים,False,חיפה,פלימן משה 8
80217996,קפה טיפול,בתי קפה,False,חיפה,מסדה 1
80343287,אמסטרדם פרימיום צ'יפס,,False,חיפה,דוברין נחום
80360356,ששון בכיכר,,False,חיפה,הדשנים 11
80139097,אליטה,מסעדה רוסית,False,חיפה,חלוצי התעשייה 19
80335594,רידל בר,,False,חיפה,דרך העצמאות 84
80322466,גסנוב חיפה,מסעדת בשרים,False,חיפה,שד' ההסתדרות 72
80259281,וילה כרמל,מסעדת בשרים,False,חיפה,כיכר היינריך היינה 1
80318509,ווק אנד רול - WOK N ROLL,מסעדה אסייאתית,False,חיפה,הנמל 35
80328179,Rabbit Hole,בתי קפה,False,חיפה,מסדה 16
80096811,קפה ניצה,בתי קפה,False,חיפה,הרצל 2
80305545,שיפודי טליה,מסעדת בשרים,False,חיפה,משה דיין 2
31719560,פלאפל הנשיא,אוכל רחוב,True,חיפה,שד' הנשיא 135
80336975,טייסטי פיש,,False,חיפה,הגנים 16
80286864,דודא,סנדוויץ' בר,True,חיפה,דרך צרפת 63
80334834,פיצה נינה,פיצריות,False,חיפה,דובנוב 26
80179012,הו בר - hu-bar,פאבים וברים,False,חיפה,שד' אבא חושי 199
80341775,קבב סיטי,,False,חיפה,החלוץ 62
80054048,בלאק - Black,מסעדת בשרים,False,חיפה,שד' ההסתדרות 55
80288972,פאפוס שקשוקה בפיתה,כשר,True,חיפה,הרצל 42
80330853,לה גואטה,חומוסייה,False,חיפה,חניתה 64
80336804,שיפודי אל סולטן,,False,חיפה,הרצליה 10
80347071,דומינו'ס פיצה חיפה,,False,חיפה,חיפה
80323141,נאזמה,,False,חיפה,העליה השניה 96
80354556,חצ'פורי של לילי,,False,חיפה,חיפה
80317633,לה מקסיקנה טאקו מקסים,מסעדה מקסיקנית,False,חיפה,סירקין 21
80349805,Biga שער הצפון כשר,בתי קפה,True,קרית אתא,דרך חיפה 30
80281371,קייטרינג גבו,קייטרינג,True,קרית אתא,שד' הציונות 1
80332408,בורגרים קרית אתא - Burgerim,מסעדת המבורגרים,False,קרית אתא,הנביאים 1
80267749,אושי אושי קרית אתא,מסעדה אסייאתית,False,קרית אתא,דרך חיפה 30
80358685,בורגר סאלון Burger Saloon - Burger Saloon,מסעדת בשרים,False,קרית אתא,הסולל 8
80253116,מאפה נאמן,קונדיטוריה ומאפיות,True,קרית אתא,דרך חיפה 30
80160393,פיצה אתא,פיצריות,True,קרית אתא,שד' הציונות 29
80337929,Bene,,False,קרית אתא,קרית אתא
80105895,אימפריית הגלידות,,False,קרית אתא,העצמאות 72
80252460,פלאפל מישל,חומוסייה,False,קרית אתא,הדשנים 6
80340232,צ'ילבוקס Chillbox ביג קריות,גלידריות,False,קרית אתא,העצמאות 248
80365968,נגסיה קרית אתא,,False,קרית אתא,קרית אתא
61804000,שיבולת - בית וגן,קונדיטוריה ומאפיות,True,קרית אתא,העצמאות 8
80310394,פיצה דון פאפא קריית אתא,פיצריות,False,קרית אתא,זבולון 7
80265004,קייטרינג תענוג,קייטרינג,True,קרית אתא,מקור ברוך 7
72752900,הקייטרינג של יפה,קייטרינג,False,קרית אתא,העצמאות 47
80333304,מסעדת תבשילאש,,False,קרית אתא,קרית אתא
80332613,טופ מנגו,גלידריות,False,קרית אתא,זבולון 7
80248807,חומוס אליהו,חומוסייה,True,קרית אתא,העצמאות 28
80337859,Kripsy-קריפסי,,False,קרית אתא,העצמאות 16
80345879,מטעמי יוסף אוכל ביתי קריות,מטבח ביתי,False,קרית אתא,קרית אתא
80356525,פאפא ג'ונס קריית אתא,פיצריות,False,קרית אתא,קרית אתא
80254664,העופות של מורדי הגדול,כשר,True,קרית אתא,בן עמי 1
80319119,מקסיקניז קרית אתא,,False,קרית אתא,העצמאות 47
80337022,שווארמה טורקית,חומוסייה,False,קרית אתא,קרית אתא
80009185,הבייגלה של סבא מרקו,בתי קפה,False,קרית אתא,העצמאות 12
7596470,"מאפית דוידוביץ ובניו בע""מ",,False,קרית אתא,יוסף בצרי 10
80166587,אמריקן פיצה,פיצריות,False,קרית אתא,העצמאות 65
80321931,בורגרמאנצ',,False,קרית אתא,קרית אתא
80345882,חומוס הבוטקה,,False,קרית אתא,קרית אתא
80057784,רינת קייטרינג,קייטרינג,False,קרית אתא,משה שרת 87
80358565,יאמי- אוכל ביתי,,False,קרית אתא,קרית אתא
80302589,קפה גרג,בתי קפה,True,קרית אתא,מקור ברוך 6
80011637,פיצה פצץ,פיצריות,False,קרית אתא,חנקין 2
80347978,מיסטר פוטטו.,,False,קרית אתא,קרית אתא
80242247,שני,בתי קפה,True,קרית אתא,העצמאות 37
80063627,פיצה איטליה הקטנה מהדרין,,False,קרית אתא,שד' הציונות 4
80340231,אלפורנו EL FORNO,פיצריות,False,קרית אתא,העצמאות 248
80061052,"מאפית אריאל בע""מ",קונדיטוריה ומאפיות,False,קרית אתא,העצמאות 59
80356289,דגוס,מסעדת דגים,False,קרית אתא,קרית אתא
80238336,קפה גרג - Cafe Greg,בתי קפה,True,קרית אתא,דרך חיפה 30
80124205,מקדונלד'ס,מסעדת המבורגרים,False,קרית אתא,העצמאות 37
80288922,צ'יפס טוסט נקניק,אוכל רחוב,True,קרית אתא,העצמאות 33
80360190,זיסלק קרית אתא,גלידריות,False,קרית אתא,העצמאות 37
80335461,פיצה טורינו,פיצריות,False,קרית אתא,העצמאות 60
80347365,הפינה של אריאל,,False,קרית אתא,דרך חיפה 6
80355687,ברבוניה,מסעדת דגים,False,קרית אתא,הרב מינץ
80322205,פאט ויני Fat Vinny - Fat Vinny,מסעדה איטלקית,False,קרית אתא,הסולל 8
80311289,קפה הבימה,בתי קפה,False,קרית אתא,העצמאות 59
80264178,קשקפה,בתי קפה,True,קרית אתא,העצמאות 83
80321478,benedict בנדיקט,,False,קרית אתא,הסולל 10
80299179,חצ'פורי ליאון,מסעדה גרוזינית,True,קרית אתא,זבולון 2
80359384,מאפיית פירוYאר,קונדיטוריה ומאפיות,False,קרית אתא,קרית אתא
80337734,אליזבט קייטרינג וסלטים ביתיים,קייטרינג,False,קרית אתא,קרית אתא
80235418,ארומה - אספרסו בר,בתי קפה,True,קרית אתא,העצמאות 37
33261390,קייטרינג מעדני מנחת השבת,קייטרינג,False,קרית אתא,העצמאות 10
80332986,סבא יוסף,חומוסייה,False,קרית אתא,העצמאות 55
80173949,פיצה האט,פיצריות,True,קרית אתא,קרית אתא
80177483,מאי שניצלים,שניצליה,True,קרית אתא,התעשיה 2
80209439,מאפיית ברכת משה,קונדיטוריה ומאפיות,True,קרית אתא,העצמאות 35
80236215,בליקר בייקרי - Bleecker Bakery,בתי קפה,True,קרית אתא,דרך חיפה 52
80335046,אחלה בורקס,,False,קרית אתא,קרית אתא
80294797,L.V סנדוויצ'ים - L.V סנדוויצ'ים,סנדוויץ' בר,False,קרית אתא,דרך חיפה 6
80359406,יא ג'אמעה,,False,קרית אתא,קרית אתא
80347933,ששון בכיכר,,False,קרית אתא,התעשיה
80338274,בנה,,False,קרית אתא,העצמאות 75
80244370,שווארמת אליהו,מסעדת בשרים,True,קרית אתא,העצמאות 72
80087072,השניצליה,שניצליה,False,קרית אתא,העצמאות 74
80328762,דניאלי יבוא בדים,בתי קפה,False,קרית אתא,זבולון 14
80354855,פלאפל ירושלים,חומוסייה,False,קרית אתא,מורדי הגיטאות 2
80320072,תבשילאש,,False,קרית אתא,התעשיה 2
80240840,קינג סנדוויץ',סנדוויץ' בר,True,קרית אתא,הנביאים 3
80277194,מלוואח בר MB,מסעדה ים תיכונית,True,קרית אתא,העצמאות 76
80327119,טוטו ישעיהו,בתי קפה,False,קרית אתא,העצמאות 23
80229388,קייטרינג יהלום,כשר,True,קרית אתא,מאפו 10
80244685,תבל ומלואה - כשר למהדרין,קייטרינג,False,קרית אתא,דרך חיפה 16
80203034,פיצה מייקר,פיצריות,True,קרית אתא,סוקולוב 40
80355069,בובוביס,,False,קרית אתא,התעשיה 2
80234685,ברברי,מסעדת בשרים,True,קרית אתא,העצמאות 82
80293457,עולם הגלידות,גלידריות,False,קרית אתא,איינשטיין 20
80334794,חומוס קרית אתא,חומוסייה,False,קרית אתא,קרית אתא
80335175,מאפית תהילה,קונדיטוריה ומאפיות,False,קרית אתא,קרית אתא
80236964,חומוס הרשלה,חומוסייה,True,קרית אתא,התעשיה 2
80352964,מאפיית עדן,קונדיטוריה ומאפיות,False,קרית אתא,בן עמי 4
80343523,פיצה מונטנה,פיצריות,False,קרית אתא,זבולון 7
80312667,מומי קציצות,מסעדת בשרים,True,קרית אתא,העצמאות 34
80048956,קפה גרג,מסעדה חלבית,True,קרית אתא,העצמאות 57
80344687,אמריקן בורגר,,False,קרית אתא,העצמאות 82
80221064,קפה אלמנט,בתי קפה,True,קרית אתא,זבולון 32
80334487,בורקס יוסף ברטו,,False,קרית אתא,קרית אתא
80253811,קייטרינג מלכה,קייטרינג,True,קרית אתא,בן עמי 4
80312826,מירו בשרים,מסעדת בשרים,True,קרית אתא,העצמאות 27
80340083,טאטאמי,,False,קרית אתא,דרך חיפה 30
80336471,פיצה טורינו,פיצריות,False,קרית אתא,העצמאות 60
80321564,סמוקי מאמא,,False,קרית אתא,אברהם טביב
80269101,לה גופרה,גלידריות,False,קרית אתא,דרך חיפה 30
80254609,ממלכת הדניס,מסעדת דגים,True,קרית אתא,בן עמי 1
80312638,בורקס הבולגרי קריית אתא,אוכל רחוב,True,קרית אתא,העצמאות 48
80328466,תבליני טף,בתי קפה,False,קרית אתא,זבולון 9
80287953,מאמא פיצה קרית אתא,פיצריות,True,קרית אתא,העצמאות 71
80117646,יוגורט בר,,False,קרית אתא,העצמאות 62
80340208,בית הבורלה המקורי,,False,קרית אתא,קרית אתא
80309529,שניצל אלי וזהו,שניצליה,True,קרית אתא,העצמאות 55
80330218,הפינה של שלומי,,False,קרית אתא,זבולון 7
80340055,ChillBox-מתחם Redesign,גלידריות,False,קרית אתא,דרך חיפה 44
80360837,ברכת שרה מהדרין קרית אתא,,False,קרית אתא,קרית אתא
80323247,פרש דה מרקט קרית אתא - Fresh The Market,מסעדה איטלקית,True,קרית אתא,הסולל 8
80346457,פרש דה מרקט-Fresh The,,False,קרית אתא,הסולל 8
80358060,קבב אדיר,,False,קרית אתא,קרית אתא
80230013,מקדונלד'ס,מסעדת המבורגרים,True,קרית אתא,דרך חיפה 30
80355834,שושה טוסט נקניק,,False,קרית אתא,קרית אתא
80291742,קרן טעמו וראו,קייטרינג,False,קרית אתא,קרית אתא
80343610,שווארמה העגלה - מהדרין קריית אתא,חומוסייה,True,קרית אתא,מורדי הגיטאות 6
80341372,קונדטוריה אפיה מהלב,קונדיטוריה ומאפיות,False,קרית אתא,קרית אתא
80110188,ברכות שמיים,,False,קרית אתא,יוסף טרומפלדור 18
80323249,פלאפל ברכה,חומוסייה,False,קרית אתא,העצמאות 47
80334513,צ'יל בוקס,גלידריות,False,קרית אתא,קרית אתא
80324898,לס נו אלכסנדר - LASNO ALEX,קייטרינג,False,קרית אתא,קרית אתא
80324887,מטעמי עבאדי,מטבח ביתי,False,קרית אתא,קרית אתא
80351598,JOSEF בורגר & ג'בטה,,False,קרית אתא,העצמאות 47
80351425,חביתה בעיר,,False,קרית אתא,קרית אתא
80330539,רותה אוכל של בית,מטבח ביתי,False,קרית אתא,העצמאות 69
80333273,קפה ליאור,,False,קרית אתא,קרית אתא
80210120,פיצה פדאל,פיצריות,False,קרית אתא,זבולון 5
80328489,פרפר לילה,,False,קרית אתא,זבולון 164
80195729,אוריון - שווארמה ופלאפל,חומוסייה,True,קרית אתא,זבולון 5
80282749,חלומי,מסעדה חלבית,True,קרית אתא,זבולון 32
80278708,הסביח,כשר,True,קרית אתא,זבולון 9
38262290,איביזה בר,מסעדה מזרחית,True,קרית אתא,התעשיה 26
80305686,מסעדת הפינה,מסעדת בשרים,True,קרית אתא,זבולון 7
80347154,יעבץ מאפים,קונדיטוריה ומאפיות,False,קרית אתא,זבולון 7
80209077,סינטה בר אקספרס קרית אתא,מסעדת בשרים,True,קרית אתא,דרך חיפה 30
80242716,cofix,בתי קפה,True,קרית אתא,העצמאות 51
80359252,המטבח של אביאור,,False,קרית אתא,חפץ חיים 15
80327578,מסעדת קורונה,,False,קרית אתא,קרית אתא
80328363,משלוחים מבית אמא,מטבח ביתי,False,קרית אתא,קרית אתא
80351132,טעימלי,,False,קרית אתא,קרית אתא
80340468,רפאלו,מסעדה איטלקית,False,קרית אתא,קרית אתא
80334872,חומוס אתא,חומוסייה,False,קרית אתא,העצמאות 82
80324734,מומי קציצות,,False,קרית אתא,העצמאות 34
80316051,סוד הפיצה,פיצריות,False,קרית אתא,איינשטיין 20
80341421,שיפודי עדן,מסעדת בשרים,False,קרית אתא,קרית אתא
80253320,יוספטל 18 גריל בשרים,מסעדת בשרים,True,קרית אתא,שד' גיורא יוספטל 18
80339486,קיס - KISS,מסעדת המבורגרים,False,קרית מוצקין,שדרות גושן 1
80184138,שלה,מסעדה איטלקית,True,קרית מוצקין,יששכר 15
80350799,Delicioso - סנדוויץ' בר,,False,קרית מוצקין,קריית מוצקין
80328308,משהו משהו,בתי קפה,False,קרית מוצקין,קריית מוצקין
80344099,Yalla Yalla איזה בורגר,,False,קרית מוצקין,שד' בן גוריון 84
80252669,פיצה אלכסנדר,פיצריות,False,קרית מוצקין,שד ירושלים 3
80113087,מסעדת רם,מסעדת בשרים,True,קרית מוצקין,דקר 5
15579410,ביגלה הקריות,קונדיטוריה ומאפיות,True,קרית מוצקין,אוסישקין 30
80061050,"מאפית אריאל בע""מ",קונדיטוריה ומאפיות,False,קרית מוצקין,שד' בן גוריון 82
15558040,מאפית אמיר,קונדיטוריה ומאפיות,False,קרית מוצקין,ז'בוטינסקי 61
80349116,הקפיטריה,,False,קרית מוצקין,קריית מוצקין
80315198,קפה נמרוד,בתי קפה,True,קרית מוצקין,שד ירושלים 1
80323036,LA BIANCA,פיצריות,False,קרית מוצקין,קריית מוצקין
80271191,שווראמה ולרי הקוסם,אוכל רחוב,True,קרית מוצקין,שד' ויצמן 44
80215298,פיצה אלכסנדר,מסעדה איטלקית,False,קרית מוצקין,שד ירושלים 3
80244210,קפה עלית-אספרסו בר,בתי קפה,True,קרית מוצקין,"אח""י אילת"
80359168,סלטי שרון,,False,קרית מוצקין,שד' קרן קיימת 19
80149689,אמריקן פיצה,פיצריות,True,קרית מוצקין,שדרות גושן 60
80354653,אקסטרה,מטבח ביתי,False,קרית מוצקין,קריית מוצקין
80324972,חומוס קבב,,False,קרית מוצקין,שד' ויצמן 10
80360199,Pitzeria,פיצריות,False,קרית מוצקין,קריית מוצקין
37293570,פיצה דומינו,פיצריות,False,קרית מוצקין,ז'בוטינסקי 61
80348298,קפה ספורטלי,בתי קפה,False,קרית מוצקין,"צה""ל 1"
80335130,YAPANKO premium sushi,,False,קרית מוצקין,קריית מוצקין
80339141,קריספי שניצל,,False,קרית מוצקין,קריית מוצקין
80203129,מלך ההמבורגר,מסעדת המבורגרים,True,קרית מוצקין,שדרות גושן 29
80364578,רפאליקו משהו טעים לאכול,,False,קרית מוצקין,קריית מוצקין
80349048,סלטי שרון,מטבח ביתי,False,קרית מוצקין,קריית מוצקין
80324026,בייקרס גושן,קונדיטוריה ומאפיות,False,קרית מוצקין,שדרות גושן 55
80302768,אוסישקין- Art food,בתי קפה,True,קרית מוצקין,אוסישקין 30
80186586,משאוושה,חומוסייה,False,קרית מוצקין,הילדים 23
80339372,קריספי שניצל,,False,קרית מוצקין,פז 1
80111058,הקוסקוס של אמא,מסעדה טריפוליטאית,False,קרית מוצקין,גושן 29
80308838,ASIATICO - ASIATICO,מסעדה אסייאתית,True,קרית מוצקין,שדרות גושן 29
80337288,מסעדת רם,,False,קרית מוצקין,קריית מוצקין
80350077,פיצהל'ס,פיצריות,False,קרית מוצקין,שדרות גושן 29
80320073,קייטרינג חלבי אופק שושן,קייטרינג,False,קרית מוצקין,אוסישקין 30
80329826,מסעדת הדייגים,מסעדת דגים,False,קרית מוצקין,שד ירושלים 1
80136236,אימפריית הגלידות,,False,קרית מוצקין,שד' בן גוריון 84
80175397,דרי ברי,,False,קרית מוצקין,שד' בן גוריון 84
80233971,חצ'פורי,מסעדה גרוזינית,False,קרית מוצקין,שדרות גושן 17
80323174,מיסטר קריספי,שניצליה,False,קרית מוצקין,שד' ויצמן 6
80337704,פיצה האט,פיצריות,False,קרית מוצקין,שד ירושלים 1
80218580,בורגרים - Burgerim,מסעדת המבורגרים,True,קרית מוצקין,שד ירושלים 1
80318871,בליסימו - belissimo,בתי קפה,True,קרית מוצקין,שדרות גושן 55
80269501,שווארמה נטו קריית מוצקין,כשר,True,קרית מוצקין,שד' ויצמן 11
80358364,בורקס- BAR,,False,קרית מוצקין,קריית מוצקין
80354761,פיצה נאפולי,פיצריות,False,קרית מוצקין,שד ירושלים 3
80276947,רוביS,חומוסייה,True,קרית מוצקין,שד' בן גוריון 84
80352766,su-shai,,False,קרית מוצקין,שדרות גושן 25
80352954,espresso bar,בתי קפה,False,קרית מוצקין,שדרות גושן 4
80328001,קופיקס,בתי קפה,False,קרית מוצקין,קריית מוצקין
80337316,בפיתה,,False,קרית מוצקין,קריית מוצקין
80237607,פיצה מרסלו,פיצריות,True,קרית מוצקין,ההגנה 1
80234841,בורקס הפינה,אוכל רחוב,True,קרית מוצקין,שדרות גושן 29
80217840,מנדרין,בתי קפה,False,קרית מוצקין,ורד 26
80350960,טרפש,,False,קרית מוצקין,קריית מוצקין
80324908,שווארמת נטו,חומוסייה,False,קרית מוצקין,שד' ויצמן 11
80330994,בית מאפה ברכת מאיר קרית מוצקין,קונדיטוריה ומאפיות,False,קרית מוצקין,שד' ויצמן 42
16229270,בית הלחם,קונדיטוריה ומאפיות,True,קרית מוצקין,שדרות גושן 7
80242723,cofix,בתי קפה,True,קרית מוצקין,שד' בן גוריון 82
80242718,cofix,בתי קפה,True,קרית מוצקין,שדרות גושן 6
80258151,שמונה - eight,מסעדת בשרים,True,קרית מוצקין,שד' בן גוריון 84
80063948,לחם ארז,קונדיטוריה ומאפיות,False,קרית מוצקין,שדרות גושן 55
80359548,העגלה,חומוסייה,False,קרית מוצקין,שדרות גושן 55
80346250,CONCARNE קונקרנה טוסט נקניק,,False,קרית מוצקין,שדרות גושן 60
80329343,גולדה קריית מוצקין,גלידריות,False,קרית מוצקין,שד ירושלים 1
80339703,בפיתה מוצקין - כל ביס חגיגה,,False,קרית מוצקין,שדרות גושן 55
80335273,yapanko premium sushi,,False,קרית מוצקין,קריית מוצקין
80269376,חומוס משאוושה,חומוסייה,True,קרית מוצקין,שדרות גושן 60
80211322,karma סושי - karma sushi,מסעדה אסייאתית,False,קרית מוצקין,שדרות גושן 29
80246724,חומוס משאוושה,חומוסייה,False,קרית מוצקין,שדרות גושן 60
80335310,מאפית תהילה,קונדיטוריה ומאפיות,False,קרית מוצקין,שד' בן גוריון 84
80293233,נואזט,קונדיטוריה ומאפיות,False,קרית מוצקין,ורד 24
80267789,חומוס אבו גוש,חומוסייה,True,קרית מוצקין,שד' בן גוריון 82
80348748,מאפיית אריאל,קונדיטוריה ומאפיות,False,קרית מוצקין,שד ירושלים 1
80253037,פלאפל תימני- אבי יצחק,חומוסייה,False,קרית מוצקין,דרך עכו 271
76778910,קפה בחורש,בתי קפה,True,קרית מוצקין,החשמונאים 79
24766610,וול-סטריט,מסעדה ים תיכונית,False,קרית מוצקין,שד' בן גוריון 71
22061590,פיצה פרלינה,קונדיטוריה ומאפיות,False,קרית מוצקין,שד' בן גוריון 84
80328301,אצל פרנקו,מסעדת בשרים,False,קרית מוצקין,קריית מוצקין
80348759,ניו יורק בייגל,,False,קרית מוצקין,קריית מוצקין
80328960,חומוסמוסה,חומוסייה,False,קרית מוצקין,קדיש לוז 8
80357057,טוסט בפינה,,False,קרית מוצקין,קריית מוצקין
80284585,קנלו - KANELO,בתי קפה,False,קרית מוצקין,שד ירושלים 1
80324708,אצל פרנקו,מסעדת בשרים,False,קרית מוצקין,שדרות גושן 2
80334957,הפריקסה של ליאת,,False,קרית מוצקין,דוד אלעזר
80113562,פיצה דומינו,פיצריות,True,קרית מוצקין,ז'בוטינסקי 61
80111243,פיצה פדאל,פיצריות,False,קרית מוצקין,קדיש לוז 11
80321851,בוקר טוב,,False,קרית מוצקין,"הפלמ""ח 1"
80244334,מפגש מוצרט,מסעדת בשרים,False,קרית מוצקין,שדרות גושן 1
80364577,פיצה סטורי,פיצריות,False,קרית מוצקין,קריית מוצקין
80110080,פיצרל'ה,,False,קרית מוצקין,שדרות גושן 29
80265319,קפאין,בתי קפה,True,קרית מוצקין,שדרות גושן 55
80266603,השניצל של אבי,שניצליה,True,קרית מוצקין,שדרות גושן 2
80256307,קפה לנדוור מוצרט קריית מוצקין,בתי קפה,False,קרית מוצקין,שדרות גושן 1
80331684,ברכת מאיר,קונדיטוריה ומאפיות,False,קרית מוצקין,שד' ויצמן 42
80311148,ג'פניקה,מסעדה אסייאתית,False,קרית מוצקין,שדרות גושן 54
80304420,קונדיטוריה שני,בתי קפה,True,קרית מוצקין,שד' ויצמן 8
80197051,בשרים מאכלים ביתיים,מסעדת בשרים,True,קרית מוצקין,אוסישקין 44
80328007,Hagag Restaurant,בתי קפה,False,קרית מוצקין,קריית מוצקין
80348619,הפינה האיטלקית,פיצריות,False,קרית מוצקין,קריית מוצקין
80343797,שווארמה פלאפל צבר,חומוסייה,False,קרית מוצקין,קריית מוצקין
80220946,פלאפל הנשיא,חומוסייה,True,קרית מוצקין,שדרות גושן 55
80360711,פיתה מונטנה קרית ים,מסעדת בשרים,True,קרית ים,אירוס 1
80349173,עמנואל ובניו,,False,קרית ים,פנחס ספיר 47
80309383,מאמא שניצל,שניצליה,True,קרית ים,שד' ירושלים 50
80273383,שיפודי ישראל הגדול,מסעדת בשרים,False,קרית ים,שד' בן צבי יצחק 49
80281808,סמיל'ה,מסעדת בשרים,True,קרית ים,יצחק שדה 7
80358274,"""ואכלת ושבעת""",,False,קרית ים,שד' ירושלים 3
80345781,אמריקן בורגר קרית ים,,False,קרית ים,קרית ים
80317472,Cup-Cake - Cup-Cake,בתי קפה,False,קרית ים,"לח""י 2"
60986510,שאוורמה ניצן,מסעדת בשרים,False,קרית ים,ככר נמיר 11
80335789,פותח את ידך,חומוסייה,False,קרית ים,יהודה הלוי 7
80202771,המנגל 100% גריל,מסעדת בשרים,True,קרית ים,שד' בן צבי יצחק 49
80235020,מיי בשרים,מסעדת בשרים,True,קרית ים,מרדכי נמיר 11
80332120,היווניה,,False,קרית ים,שד' ויצמן 26
80322417,בר טעמים,מטבח ביתי,False,קרית ים,ככר לוי אשכול 4
80337547,פרש פסטה Fresh Pasta,,False,קרית ים,לכיש 9
80283064,איטלקיה,פיצריות,True,קרית ים,מרדכי נמיר 11
80360144,השניצליה של סבתא,,False,קרית ים,שפירא 29
80328294,Del Mar Restaurant,מסעדת בשרים,False,קרית ים,פנחס ספיר 47
80335324,שוארמה ברכת השם,,False,קרית ים,שד' ירושלים 13
80335082,שיפודי לה פמיליה,,False,קרית ים,שד' ויצמן 10
80281674,חצ'פורי דדה,מסעדה גרוזינית,True,קרית ים,שד' ירושלים 3
80333926,טיקטוק גריל בר,,False,קרית ים,קרית ים
80360149,השניצליה של סבתא,,False,קרית ים,קרית ים
80233639,פלח הרימון- קייטרינג לאירועים,קייטרינג,True,קרית ים,לכיש 13
80359385,חומוס הנסיך,חומוסייה,False,קרית ים,שד' ויצמן 10
80330847,מאפה מהלב,מטבח ביתי,False,קרית ים,קרית ים
80118329,החומוסיה,חומוסייה,False,קרית ים,מרדכי נמיר 11
80343796,בית הטוסט,,False,קרית ים,קרית ים
80359251,ואכלת ושבעת,חומוסייה,False,קרית ים,שד' ירושלים 3
80355779,מידן מאור,קונדיטוריה ומאפיות,False,קרית ים,קרית ים
80319858,מאפית ברכת משה,קונדיטוריה ומאפיות,False,קרית ים,שד' ירושלים 29
80286026,פיצה מילניום,פיצריות,False,קרית ים,שד' בן צבי יצחק 49
80334122,עראיסטו,,False,קרית ים,שד' ויצמן
80348503,קפה קפה - cafe cafe,בתי קפה,False,קרית ים,אירוס 1
80161535,אימפריית הגלידות,,False,קרית ים,פנקס 6
80242722,cofix,בתי קפה,True,קרית ים,שד' משה שרת 4
80351656,אוכל ביתי,מטבח ביתי,False,קרית ים,קרית ים
80351223,רוחל,,False,קרית ים,שד' ירושלים 3
80319902,פיצה דונטלו'ס,פיצריות,False,קרית ים,רוברט סולד 8
80323082,פיצה ונציה,פיצריות,False,קרית ים,שד' ויצמן 16
80336162,גריל בר גני תמר,קייטרינג,False,קרית ים,הנגב 18
80320205,שיפודי ג,,False,קרית ים,שד' ויצמן 10
80350808,סנדוויץ בר I WAY,,False,קרית ים,שד' משה שרת 4
80340123,בורקס באבא ג'אקו,,False,קרית ים,פנחס ספיר 26
80279041,מינימרקט מאפה בראשית,קונדיטוריה ומאפיות,False,קרית ים,שד' ירושלים 3
80292188,חומוס גלעד,חומוסייה,True,קרית ים,שד' ויצמן 10
80349175,FURMAN'S,פיצריות,False,קרית ים,שד' ויצמן 19
80361106,לופן בייקרי,בתי קפה,False,קרית ים,אירוס 1
80315974,מול הים - mul hayam,מסעדת בשרים,False,קרית ים,פנחס ספיר 25
80327446,בר טעמים,,False,קרית ים,ככר לוי אשכול 4
80328760,חצפורי מאיה,,False,קרית ים,קרית ים
80336756,סטקיית ביטון,מסעדת בשרים,False,קרית ים,שד' בן צבי יצחק 49
80348963,Karin sushi cakes,,False,קרית ים,קרית ים
80262679,מר פיצה,פיצריות,True,קרית ים,שדרות הרברט ליהמן 26
80129606,פיצה אנבלה,פיצריות,True,קרית ים,פנחס ספיר 25
30239590,מסעדת הפנינה,מסעדה גרוזינית,False,קרית ים,פנחס ספיר 1
80210902,סולד פיצה,פיצריות,True,קרית ים,רוברט סולד 14
19978650,פיצה טורינו,פיצריות,False,קרית ים,ככר נמיר 11
80182702,עידן הקפה,בתי קפה,False,קרית ים,יוספטל גיורא 26
80333577,מיכל אוכל ביתי,מטבח ביתי,False,קרית ים,קרית ים
80277426,שווארמה פלאפל הנשיא,חומוסייה,True,קרית ים,מרדכי נמיר 11
80317106,פיצה fix קרית ים - fix,פיצריות,True,קרית ים,אילנות 2
80349957,דה לה פיצה,פיצריות,True,קרית ים,תבור 16
80122696,פיצה פוליאנו,פיצריות,False,קרית ים,פנחס לבון 13
80333158,גיא מלדמן,פיצריות,False,קרית ים,תבור 16
80349892,קפה אואזיס,בתי קפה,False,קרית ים,אילנות 2
80304257,מאפיית שילת,קונדיטוריה ומאפיות,False,קרית ים,שד' ויצמן 10
80287390,פלנצ'ה גריל,סנדוויץ' בר,False,קרית ים,מרדכי נמיר 9
80320889,פורמנ'ס,,False,קרית ים,שד' ויצמן 19
80348401,פיצה דונטלו'ס,פיצריות,True,קרית ים,קרית ים
80149230,סנדביץ בר מרכז דנמרק,סנדוויץ' בר,False,קרית ים,פנחס לבון 13
80365883,הבורקס של איז'ו,,False,קרית ים,קרית ים
80338174,שוארמה בעיר,,False,קרית ים,קרית ים
80353995,יוסי בורקס,,False,קרית ים,יהודה הלוי 7
80238651,רפאלו קריית ביאליק,מסעדה איטלקית,True,קריית ביאליק,דרך עכו 192
80322028,לנדוור קריית ביאליק – כשר - landwer cafe,בתי קפה,True,קריית ביאליק,דרך עכו 192
80234050,ביגה - BiGA,בתי קפה,True,קריית ביאליק,דרך עכו 192
80251469,חומוס גלעד,חומוסייה,True,קריית ביאליק,ויצמן 24
80034530,מילקה קריון,בתי קפה,False,קריית ביאליק,דרך עכו 192
80075408,מקדונלד'ס,מסעדת המבורגרים,False,קריית ביאליק,דרך עכו 192
80330540,מלבית מלבי עד הבית,מטבח ביתי,False,קריית ביאליק,קריית ביאליק
80269368,סנדוויץ' בר סמי הגדול,סנדוויץ' בר,True,קריית ביאליק,השקדים 2
80345319,סימו אוכל בשרי מבית טוב,מסעדת בשרים,False,קריית ביאליק,החרושת 74
80327488,פיצה Guy,פיצריות,False,קריית ביאליק,קריית ביאליק
80319859,בא לי זעתר,פיצריות,False,קריית ביאליק,עגנון 8
80234777,מינה טומיי קריון,מסעדה אסייאתית,False,קריית ביאליק,דרך עכו 192
80330337,"מר קורן- תפו""א מוקרם",,False,קריית ביאליק,דרך עכו 192
29237950,דומינו'ס פיצה,פיצריות,False,קריית ביאליק,שד' ירושלים 1
80156059,סביניה,מסעדה מזרחית,False,קריית ביאליק,קרן היסוד 64
80349735,דומינוס פיצה,פיצריות,False,קריית ביאליק,שד' ירושלים 1
80336590,שופן פטיסרי,,False,קריית ביאליק,שבטי ישראל 42
80087074,השניצליה,שניצליה,True,קריית ביאליק,קרן היסוד 12
80279993,דומינו'ס פיצה,פיצריות,False,קריית ביאליק,דרך עכו 192
80319498,לי ולך העוגות של לילך,קונדיטוריה ומאפיות,False,קריית ביאליק,רחל 8
80015842,ווק טו וולק,,False,קריית ביאליק,קרן היסוד 64
80137565,פיצה טורינו,פיצריות,True,קריית ביאליק,דרך עכו 140
80242721,cofix,בתי קפה,True,קריית ביאליק,השקדים 4
80324853,שווארמה פלאפל אמסלם,חומוסייה,False,קריית ביאליק,קרן היסוד 64
80344833,ביס בר,,False,קריית ביאליק,יוסף לוי 25
80348313,פלאפל שווארמה צבר,,False,קריית ביאליק,דרך עכו 140
80343613,לחם רפאל- הקריון,קונדיטוריה ומאפיות,False,קריית ביאליק,דרך עכו 192
80349250,מסעדת הכוכב,,False,קריית ביאליק,החרושת 18
80355255,שווארמה העגלה סניף קריון,חומוסייה,False,קריית ביאליק,דרך עכו 192
80332820,B&G grill bar,,False,קריית ביאליק,הנס מולר 12
28373670,פיצה מן,פיצריות,False,קריית ביאליק,השקדים 2
80323808,גולדה,גלידריות,False,קריית ביאליק,דרך עכו
80173743,גקו אוכל תאילנדי - Gecko,מסעדה אסייאתית,False,קריית ביאליק,קרן היסוד 16
80343327,לחם רפאל,קונדיטוריה ומאפיות,False,קריית ביאליק,דרך עכו
80047607,בי בי בי קריון קרית ביאליק - BBB,מסעדת המבורגרים,False,קריית ביאליק,דרך עכו 192
80356820,Himechan-ramen,מטבח ביתי,False,קריית ביאליק,קריית ביאליק
80324582,גולדה,גלידריות,False,קריית ביאליק,דרך עכו 192
80061051,"מאפית אריאל בע""מ",קונדיטוריה ומאפיות,False,קריית ביאליק,קרן היסוד 86
80308455,סמבוסא,סנדוויץ' בר,False,קריית ביאליק,קרן היסוד 64
80161534,אימפריית הגלידות,,False,קריית ביאליק,קרן היסוד 65
80016403,בורקס בכר העגלה,אוכל רחוב,False,קריית ביאליק,דרך עכו 192
80205671,שווארמה השבטים,אוכל רחוב,False,קריית ביאליק,שבטי ישראל 6
80330756,מהמטבח של כוכי,מטבח ביתי,False,קריית ביאליק,קריית ביאליק
80360645,שרי צ'רי,,False,קריית ביאליק,קריית ביאליק
80210243,שווארמת הכוכבים,אוכל רחוב,False,קריית ביאליק,דרך עכו 192
80219602,לחם ארז,בתי קפה,False,קריית ביאליק,קרן היסוד 1
80189419,נועם אירועים,קייטרינג,True,קריית ביאליק,דליה 18
80234903,רנה - RENE,ביסטרו,False,קריית ביאליק,דרך עכו 192
80334818,לה גופרה קריון,גלידריות,False,קריית ביאליק,קריית ביאליק
80080587,לה גופרה,גלידריות,False,קריית ביאליק,דרך עכו 192
80256236,השף אלירן דהן,קייטרינג,False,קריית ביאליק,חקלאים 17
80339268,chang ba צ'אנג בה,,False,קריית ביאליק,שד' ירושלים 1
80328615,Sandak,מסעדת בשרים,False,קריית ביאליק,קריית ביאליק
80346568,בזיליקום,,False,קריית ביאליק,קריית ביאליק
80350593,בורקס הבולגרי- ביג קריות,,False,קריית ביאליק,קריית ביאליק
80002237,ארומה - אספרסו בר - קריית ביאליק,בתי קפה,False,קריית ביאליק,דרך עכו 144
80237506,פלאפל ושווארמה הקריה,חומוסייה,False,קריית ביאליק,קרן היסוד 16
80336585,smoking time,,False,קריית ביאליק,קריית ביאליק
80324807,דודא,מסעדת בשרים,False,קריית ביאליק,יוסף לוי 25
80068049,פרנג'ליקו - frangelico,מסעדה אסייאתית,False,קריית ביאליק,דרך עכו 192
80186797,קרים אנד דרים,גלידריות,False,קריית ביאליק,קריית ביאליק
80184611,סיציליאנו פיצה קרית ביאליק,פיצריות,False,קריית ביאליק,דרך עכו 192
63317710,מקדונלד'ס,מסעדת המבורגרים,False,קריית ביאליק,דרך עכו 192
80358907,קייטרינג לה בופה,קייטרינג,False,קריית ביאליק,דרך עכו 192
80354141,מאפיית פרלה,קונדיטוריה ומאפיות,False,קריית ביאליק,הנס מולר 2
80322994,SUSU&SONS - SUSU,מסעדת המבורגרים,False,קריית ביאליק,דרך עכו 192
80355382,"פט ויני עזריאלי בע""מ",,False,קריית ביאליק,קריית ביאליק
80339237,חצ'פורי מומי,,False,קריית ביאליק,שד' ירושלים 2
80332585,קפה קפה קריון,בתי קפה,False,קריית ביאליק,דרך עכו 192
80156165,פלאפל אש תימני,אוכל רחוב,True,קריית ביאליק,שד' ירושלים 15
80071709,סטקיית טיב הבשר,מסעדת בשרים,False,קריית ביאליק,דרך עכו 140
80275610,בצל ירוק קייטרינג,קייטרינג,False,קריית ביאליק,דפנה 34
80276143,חומוס כף הזהב,חומוסייה,False,קריית ביאליק,קרן היסוד 18
23281280,בורגראנץ',מסעדת המבורגרים,False,קריית ביאליק,דרך עכו 192
80357704,קיטשן קריון,בתי קפה,False,קריית ביאליק,דרך עכו
80151347,נבטים - מטבח טבעוני ביתי,מסעדה טבעונית,False,קריית ביאליק,התל 5
35257710,פיצה איטליאנו,,False,קריית ביאליק,ז'בוטינסקי 6
80225456,לוריא - lueria home burger,מסעדת המבורגרים,False,קריית ביאליק,דרך עכו 140
80349802,RUBEN,,False,קריית ביאליק,דרך עכו
23329220,פיצה ורונה,פיצריות,False,קריית ביאליק,דרך עכו 192
80336136,Furman's פורמנס,פיצריות,False,קריית ביאליק,שבטי ישראל 8
80360565,השניצל של סנדרה,,False,קריית ביאליק,קריית ביאליק
80328534,שווארמה טורקי,חומוסייה,False,קריית ביאליק,קריית ביאליק
80249087,עתיקה,פאבים וברים,False,קריית ביאליק,העמקים 1
80340621,גסנוב הקריון,,False,קריית ביאליק,דרך עכו 192
80173836,השחר,מסעדת בשרים,False,קריית ביאליק,הנס מולר 19
80356926,שווארמה תמר,חומוסייה,False,קריית ביאליק,קרן היסוד 12
80292672,שגב קיטשן גארדן,מסעדת בשרים,False,קריית ביאליק,דרך עכו 192
80015146,"טוטו ח""י",,False,קריית ביאליק,קרן היסוד 18
80324860,הגלידות של ליאמי,גלידריות,False,קריית ביאליק,קרן היסוד 65
80357440,טארקבשר VAGABOND,,False,קריית ביאליק,קריית ביאליק
80333694,הג'חנון של סבתא יוכי,מטבח ביתי,False,קריית ביאליק,קריית ביאליק
80327058,חביתה בעיר,,False,קריית ביאליק,קריית ביאליק
80320056,סטקיית הבוקרים - Steak house,מסעדת בשרים,False,קריית ביאליק,דרך עכו 192
80017502,פיצה טומטו,פיצריות,False,קריית ביאליק,הגנה 1
80016404,צ'יפסי,,False,קריית ביאליק,דרך עכו 192
80231504,טרומפטה,מטבח ביתי,True,קריית ביאליק,קרן היסוד 6
80331181,שווארמה העגלה קריון,חומוסייה,False,קריית ביאליק,דרך עכו 192
80228681,מאפה נאמן,קונדיטוריה ומאפיות,False,קריית ביאליק,דרך עכו 192
77270350,אבי רוזמרי,בתי קפה,True,קריית ביאליק,קרן היסוד 8
19894580,פיצה פסטלריה,פיצריות,True,קריית ביאליק,קרן היסוד 64
77046950,SUSU - SUSU,מסעדת המבורגרים,False,קריית ביאליק,דרך עכו 192
80249702,New Deli ניו דלי קריון קריית ביאליק - New Deli,סנדוויץ' בר,True,קריית ביאליק,דרך עכו 192
80343803,קריסטל קבב קווקזי,,False,קריית ביאליק,קריית ביאליק
80229922,ג'וסף,פיצריות,False,קריית ביאליק,קרן היסוד 18
80333341,מטבח ביתי ועדתי,מטבח ביתי,False,קריית ביאליק,קריית ביאליק
80234238,סים סים - Sim Sim,מטבח ביתי,False,קריית ביאליק,החרושת 43
80361289,שיפודי אפק - קריית ביאליק,,False,קריית ביאליק,קריית ביאליק
80224180,עתיקה שותים אוכלים,מסעדת בשרים,True,קריית ביאליק,העמקים 1
80355383,קינג קונג ביג בעמ,,False,קריית ביאליק,קריית ביאליק
80332587,WOK A WAY ווק אווי,,False,קריית ביאליק,דרך עכו 192
80210242,חצ'פורי ביז'ו,מסעדה גרוזינית,False,קריית ביאליק,החרושת 20
80355384,רשת קינג קונג,מסעדה ספרדית,False,קריית ביאליק,קריית ביאליק
80216306,פיתה'לה,חומוסייה,False,קריית ביאליק,קרן היסוד 64
80258457,Gadis - גדיס' קייטרינג לאירועים,קייטרינג,False,קריית ביאליק,הגליל 22
80247161,פיצה בנג'מין- קרית ביאליק,פיצריות,False,קריית ביאליק,קרן היסוד 42
63757600,בית הסטייק,מסעדת בשרים,True,נשר,התעשיה 17
80221144,ארוחה על המדרכה,אוכל רחוב,True,נשר,דרך בר יהודה 194
80355767,TORTI BOOM,,False,נשר,נשר
80328604,מפגש הטוטו,בתי קפה,False,נשר,דרך השלום 28
80302279,הסלטייה,בר סלט,True,נשר,דרך בר יהודה 96
80318918,חומוס אליהו,חומוסייה,False,נשר,המסילה 17
80042928,ארומה - אספרסו בר,בתי קפה,False,נשר,דרך בר יהודה 147
80243910,ג'ו בפארק,פאבים וברים,False,נשר,נשר
80247472,מאור הלחם,קונדיטוריה ומאפיות,True,נשר,הורדים 26
80272692,פיצה סטלה,פיצריות,True,נשר,אשכולות 236
80267909,סושי ברייק,קייטרינג,False,נשר,דרך בר יהודה 64
80330429,סביחא,חומוסייה,False,נשר,דרך השלום 28
80362319,שניצבורגר,,False,נשר,נשר
76538190,מקדונלד'ס,מסעדת המבורגרים,True,נשר,דרך בר יהודה 147
80288399,פאן פוד,מסעדה אסייאתית,True,נשר,הורדים 26
80159440,השניצליה,שניצליה,True,נשר,דרך השלום 11
80332218,SWEETY,גלידריות,False,נשר,דרך בר יהודה 64
80153388,פיצה מאנצ',פיצריות,True,נשר,המרגנית 1
80349454,פסטצ'ינו,מסעדה איטלקית,False,נשר,המסילה 22
80188714,שיפודי טליה,מסעדה מזרחית,True,נשר,המסילה 17
80223163,מק פיצה - Mc Pizza,פיצריות,True,נשר,ככר ההסתדרות 4
80307176,פיצה פדאל נשר,פיצריות,True,נשר,דרך השלום 28
80116458,פיצה - בלה,פיצריות,True,נשר,האלון 33
80173352,פלאפל תמיד טרי ונקי,חומוסייה,False,נשר,דרך השלום 28
80323200,מעיין הפיצה נשר,פיצריות,False,נשר,הורדים 26
80002472,מפגש הטאבון,,False,נשר,התעשיה 44
80328575,סמיט טולס הנטר,בתי קפה,False,נשר,החרושת 4
80326835,מלך המתוק,קונדיטוריה ומאפיות,False,נשר,האילנות 8
80092329,פיצה בורגר השיקמה,,False,נשר,דרך השלום 13
80351642,חווית אוכל ללא גלוטן,,False,נשר,נשר
80363037,פיצה טורינו נשר,פיצריות,False,נשר,נשר
80269661,יומנגס - Humongous,מסעדת המבורגרים,False,נשר,דרך בר יהודה 127
80359987,קפול'ס נשר,,False,נשר,נשר
80306796,פותח את ידייך,קייטרינג,True,נשר,דרך השלום 9
80359880,פיצה פדאל .,פיצריות,False,נשר,נשר
80342528,שווארמה אייל,,False,נשר,נשר
80191594,שווארמה בכיכר,מסעדת בשרים,True,נשר,ברק 2
80244845,חומוס אבו מרון,חומוסייה,False,נשר,התעשיה 44
80220953,פיצה השקמה,פיצריות,True,נשר,דרך בר יהודה 96
39962870,מסעדת גני הגליל,,False,נשר,דרך בר יהודה 131
80237275,אלברוו,פיצריות,False,נשר,דרך הטכניון 13
80154195,קונדיטוריה ויזל,קונדיטוריה ומאפיות,False,נשר,המסילה 18
62280350,גני נמו,,False,נשר,נשר
80315863,בולס - BULLS,מסעדת בשרים,True,נשר,המרגנית 1
80320244,קייטרינג פאפריקה,קייטרינג,False,נשר,דרך הטכניון 13
80154116,דיאמונד,מסעדה מזרח אירופאית,False,נשר,דרך בר יהודה 31
80308152,פאפס PAPAS,כשר,True,נשר,דרך השלום 22
80327371,מאפיית אריאל,קונדיטוריה ומאפיות,False,נשר,דרך בר יהודה 96
80288732,הונה,מטבח ביתי,True,נשר,דרך השלום 9
80348739,גו'פיתה,,False,נשר,הזית 1
80328806,שווארמה אוריה,חומוסייה,False,נשר,דרך בר יהודה 47
80333575,My pancakes,,False,נשר,נשר
36188650,בורקס עמיקם,אוכל רחוב,False,נשר,המסילה 18
80195311,אצל אברהם שפע מאכלים,מסעדת קונספט,False,נשר,דרך בר יהודה 65
80202695,קפה בגט,בתי קפה,False,נשר,דרך בר יהודה 60
80335379,רוניוס פיצה,פיצריות,False,נשר,נשר
80152513,בסרביה,מסעדה רומנית,False,נשר,דרך בר יהודה 131
80302385,אמריקן פיצה נשר,פיצריות,True,נשר,דרך בר יהודה 58
80337550,בגט נשר,,False,נשר,נשר
80323137,בורקס טורקי,,False,נשר,דרך השלום 9
80332314,סופשניק,,False,נשר,נשר
80307663,ביגה פסטה בר - BIGA,מסעדה איטלקית,True,נשר,התעשיה 51
80235742,מאפיית ברכת דוד,קונדיטוריה ומאפיות,False,נשר,הורדים 26
80296267,הג'חנון מבית אמא,פיצריות,False,נשר,דרך השלום 9
80353067,בורגרים טירת הכרמל - Burgerim,מסעדת המבורגרים,True,טירת כרמל,ששת הימים 1
80314066,בא לי בגאט,,False,טירת כרמל,אלמוג
80331130,Mr. Wok - מר ווק,,False,טירת כרמל,הרצל 69
80362437,מארונסו- החיים שלנו בפיתה,,False,טירת כרמל,טירת כרמל
80355668,חומוס אותנטי,חומוסייה,False,טירת כרמל,טירת כרמל
80162767,טבון העיר,קונדיטוריה ומאפיות,False,טירת כרמל,הרצל 39
80272903,אבראדה-סושי בר בורגר,מסעדה אסייאתית,True,טירת כרמל,טירת כרמל
80207325,קראנץ' פיצה,פיצריות,True,טירת כרמל,"אצ""ל 36"
80330162,sweet,בתי קפה,False,טירת כרמל,"הפלמ""ח 25"
80334890,פשוט טעים,,False,טירת כרמל,ז'בוטינסקי 54
80331000,פריקסה,מטבח ביתי,False,טירת כרמל,טירת כרמל
80190098,שיפודיית BALMAS,מסעדת בשרים,True,טירת כרמל,ז'בוטינסקי 62
80355659,חומוס אותנטי,,False,טירת כרמל,טירת כרמל
80340590,סנדוויץ אטדגוס,,False,טירת כרמל,טירת כרמל
80287267,פיצה מור,פיצריות,True,טירת כרמל,הרצל 4
80342549,סבתא ג'פטו,,False,טירת כרמל,ז'בוטינסקי 52
80330880,PIZZש ANTI VIRUS,פיצריות,False,טירת כרמל,טירת כרמל
80351435,Bona fortuna,,False,טירת כרמל,הפטיש 2
80213509,קפה קפה - cafe cafe,בתי קפה,True,טירת כרמל,ז'בוטינסקי 62
80144976,שורשים,מסעדת קונספט,True,טירת כרמל,התנופה 7
80328420,פלאפל הצומת,חומוסייה,False,טירת כרמל,וייצמן 24
80193682,מלך הבורקס - בטעם של פעם,אוכל רחוב,False,טירת כרמל,הרצל 4
37045900,פיצה אמיגוס,פיצריות,True,טירת כרמל,הרצל 39
80225428,קפה רוטשילד,בתי קפה,True,טירת כרמל,ששת הימים 1
80320710,סנדוויץ' בעיר,,False,טירת כרמל,הרצל 13
80358256,כצפיחת בדבש,בתי קפה,False,טירת כרמל,טירת כרמל
80330522,פיתאבון- פיתות ופיצות בטאבון,פיצריות,False,טירת כרמל,הרצל 4
80234621,פיצה פדאל,פיצריות,True,טירת כרמל,הרצל 26
80189577,טעמים גם על האש,מסעדת בשרים,True,טירת כרמל,אתגר 2
80288630,Kobi's בר וגריל,חומוסייה,True,טירת כרמל,ששת הימים 1
80328504,פסטור,בתי קפה,False,טירת כרמל,השיחרור 8
80334891,meatshop סנדוויץ בר,,False,טירת כרמל,השיחרור 15
80332477,וי גוזה V GOZA,פיצריות,False,טירת כרמל,הפטיש 2
80331410,תיבולים-אוכל ביתי,מטבח ביתי,False,טירת כרמל,טירת כרמל
80341536,חומוס נתנאל,חומוסייה,False,טירת כרמל,הפטיש 1
80306556,אסתריקה אוכל ביתי,מטבח ביתי,False,טירת כרמל,"א""ד גורדון 25"
80309974,קפה אתגר,בתי קפה,False,טירת כרמל,אתגר 2
80235200,מיני בורגר,מסעדת המבורגרים,True,טירת כרמל,הרצל 33
80309385,בורקס פנינת העיר,,False,טירת כרמל,ז'בוטינסקי 62
80326876,אדלה ADELA,בתי קפה,False,טירת כרמל,ז'בוטינסקי 54
80204222,חומוס אליהו,חומוסייה,True,טירת כרמל,הפטיש 2
80328404,CakEat קונדיטוריה ביתית,קונדיטוריה ומאפיות,False,טירת כרמל,"הפלמ""ח 11"
80154864,מזלזלת הפלאפל והשווארמה,חומוסייה,True,טירת כרמל,השיחרור 1
80277412,יאמי בגט,שניצליה,False,טירת כרמל,קרן היסוד 18
80308407,ג'חנונאית,מטבח ביתי,False,טירת כרמל,דוד נורי 32
80355748,חומוס רוזה,חומוסייה,False,טירת כרמל,ז'בוטינסקי 50
80360674,המקום של טל,,False,טירת כרמל,טירת כרמל
80352918,רוסו מטבח איטלקי ROSSO,,False,טירת כרמל,שד' יצחק שמיר 20
80344585,שור הבר,,False,טירת כרמל,טירת כרמל
80353033,פאפאלוקו,מסעדה איטלקית,False,טירת כרמל,אתגר 2
80360298,פיצה ירח,פיצריות,False,טירת כרמל,טירת כרמל
80028882,טדי'ס,,False,טירת כרמל,עוצמה 9
80323776,ביג ביס,,False,טירת כרמל,העצמאות 62
80344286,הבורקס של תומר,,False,טירת כרמל,טירת כרמל
80355136,מאמא פרחה,,False,טירת כרמל,הפטיש 4
80352778,בונה פורטונה,מסעדה איטלקית,False,טירת כרמל,טירת כרמל
80337264,פיצה איכותית,פיצריות,False,טירת כרמל,טירת כרמל
80328126,דראגסטור אופיר,בתי קפה,False,טירת כרמל,מוצקין 11
80117201,פיצה מאנצ',פיצריות,False,טירת כרמל,הרצל 39
80254383,פיק סלט,אוכל רחוב,True,טירת כרמל,הרצל 31
80330440,פיק סלט טירת הכרמל,,False,טירת כרמל,הפטיש 1
23410710,פאטיו,קייטרינג,True,טירת כרמל,אתגר 5
80264334,סנדוויץ' טוסט בר,סנדוויץ' בר,True,טירת כרמל,הפטיש 2
7423530,"מ.ה. שיווק וייצור בע""מ",קונדיטוריה ומאפיות,False,טירת כרמל,הפטיש 5
80316299,השניצליה טירת הכרמל,שניצליה,True,טירת כרמל,הרצל 82
80337003,שווארמה סטקיית העיר,חומוסייה,False,טירת כרמל,ז'בוטינסקי 62
80255217,מאפיית דרך הלחם,קונדיטוריה ומאפיות,True,טירת כרמל,מוצקין 11
80328106,מכלת אלברט,בתי קפה,False,טירת כרמל,טירת כרמל
80351217,סלאמתק,,False,טירת כרמל,הרב ויינריב 23
80251546,קובה גוטה,מטבח ביתי,True,טירת כרמל,ז'בוטינסקי 50
80327378,שיפודי נפתלי,מסעדת בשרים,False,טירת כרמל,הרצל 4
80255609,דארנאס,מטבח ביתי,True,טירת כרמל,ז'בוטינסקי 62
80349538,הפינתי,בתי קפה,False,טירת כרמל,השיריון 2
80233512,סטקיית העיר,מסעדת בשרים,True,טירת כרמל,הרצל 33
80195035,בראשית,מטבח ביתי,False,טירת כרמל,ז'בוטינסקי 62
80333717,לופו-Lopo,מסעדה אסייאתית,False,טירת כרמל,טירת כרמל
80145261,הקבב העירקי - שיפודי דודי,מסעדה מזרחית,True,טירת כרמל,השיחרור 16
80108062,קונדיטוריה בוטיק ענבל,קונדיטוריה ומאפיות,False,טירת כרמל,ז'בוטינסקי 10
80342930,סוג'וק,,False,טירת כרמל,טירת כרמל
80319424,בורגרים ועראיס מעושנים- Oshmeat טירת כרמל,מטבח ביתי,False,טירת כרמל,משה שרת 6
80347655,כפרה אבא,,False,טירת כרמל,טירת כרמל
80345048,מיי לי בורגר,,False,טירת כרמל,הרצל 4
80347484,מיט שופ סנדוויץ,,False,טירת כרמל,השיחרור 15
80323708,אש בכיכר,,False,טירת כרמל,הרצל 69
80335086,אדוארד סושי שף - EDWARD,מסעדה אסייאתית,False,טירת כרמל,כלניות 2
80329346,גולדה טירת כרמל,גלידריות,False,טירת כרמל,טירת כרמל
80299778,גלידריית אדלה,גלידריות,False,טירת כרמל,ז'בוטינסקי 48
80265500,פיצגטי,פיצריות,True,טירת כרמל,העצמאות 65
80317475,הפלאפל של פינטו,חומוסייה,True,טירת כרמל,הפטיש 1
80262075,ניקושא סושי בר - nikosha sushi,מסעדה אסייאתית,True,טירת כרמל,ז'בוטינסקי 54
28782960,פיצה בוניטה,פיצריות,True,טירת כרמל,הרצל 40
80247799,רולדין - ROLADIN,קונדיטוריה ומאפיות,True,טירת כרמל,נחום חת 5
80322111,עמנואל,גלידריות,False,טירת כרמל,טירת כרמל
80365566,DUDU OUTMEZGINE,קונדיטוריה ומאפיות,False,טירת כרמל,טירת כרמל
80359560,ז'בוטינסקי 50,פאבים וברים,False,טירת כרמל,ז'בוטינסקי 50
80121661,באלנו פיצרייה,פיצריות,False,טירת כרמל,קרן היסוד 2
80236684,קפה אייזיק,בתי קפה,True,טירת כרמל,הרב ויינריב 23
80349586,קיטשן לאנצ'ר,,False,טירת כרמל,טירת כרמל
80340021,Beer burger,,False,טירת כרמל,מוצקין 11
80336175,קינו בר KINO,,False,טירת כרמל,ז'בוטינסקי 50
80066970,אמריקן פיצה,פיצריות,False,טירת כרמל,הרצל 1
